employee_id,hire_date,gender,employment_type,exit_date
E00001,2020-04-24,M,Full-time,
E00002,2020-11-23,F,Full-time,
E00003,2019-09-17,M,Full-time,
E00004,2020-01-23,M,Full-time,
E00005,2019-11-18,M,Full-time,
E00006,2022-10-30,M,Full-time,
E00007,2022-05-13,F,Full-time,
E00008,2022-12-14,F,Full-time,
E00009,2021-12-29,F,Full-time,
E00010,2020-12-07,F,Full-time,
E00011,2024-06-07,M,Part-time,
E00012,2023-12-08,F,Full-time,
E00013,2020-12-09,M,Full-time,
E00014,2019-06-01,F,Full-time,
E00015,2021-08-14,M,Full-time,
E00016,2021-03-31,M,Full-time,2025-03-31
E00017,2023-02-11,M,Full-time,2025-03-31
E00018,2021-07-03,M,Full-time,
E00019,2022-01-31,M,Full-time,
E00020,2020-10-01,M,Full-time,2025-02-28
E00021,2020-07-20,M,Full-time,
E00022,2018-01-14,M,Full-time,
E00023,2020-07-26,F,Full-time,2026-08-31
E00024,2023-07-23,F,Full-time,
E00025,2022-03-08,F,Full-time,
E00026,2023-03-04,F,Full-time,
E00027,2021-03-27,M,Full-time,
E00028,2023-05-31,F,Part-time,
E00029,2023-08-26,M,Full-time,
E00030,2023-07-14,F,Full-time,2024-09-30
E00031,2021-08-17,F,Full-time,
E00032,2024-06-28,M,Full-time,
E00033,2023-04-17,M,Full-time,
E00034,2021-12-27,M,Full-time,2024-09-30
E00035,2021-01-17,F,Full-time,
E00036,2021-11-17,N,Full-time,
E00037,2020-03-10,M,Part-time,
E00038,2022-02-01,M,Full-time,
E00039,2021-02-20,F,Full-time,
E00040,2021-03-07,F,Full-time,
E00041,2019-07-16,F,Full-time,
E00042,2023-12-13,F,Full-time,2025-01-31
E00043,2024-03-21,F,Full-time,
E00044,2024-03-31,M,Full-time,
E00045,2022-08-23,M,Full-time,
E00046,2020-06-02,M,Full-time,
E00047,2022-05-21,F,Full-time,
E00048,2022-05-31,M,Full-time,
E00049,2022-06-25,M,Full-time,2024-11-30
E00050,2022-02-27,F,Full-time,
E00051,2019-05-29,M,Part-time,2025-08-31
E00052,2021-02-17,M,Full-time,
E00053,2023-12-24,F,Full-time,
E00054,2013-03-05,F,Full-time,
E00055,2021-01-02,F,Full-time,2025-10-31
E00056,2023-12-24,F,Full-time,
E00057,2023-12-08,F,Full-time,
E00058,2022-11-12,M,Full-time,
E00059,2023-10-29,M,Full-time,2025-01-31
E00060,2016-11-24,M,Full-time,
E00061,2022-07-16,N,Full-time,
E00062,2021-12-06,M,Full-time,
E00063,2021-06-24,M,Full-time,2025-06-30
E00064,2019-04-06,M,Full-time,2025-07-31
E00065,2022-04-05,M,Full-time,2025-05-31
E00066,2022-01-13,M,Full-time,
E00067,2023-01-29,F,Full-time,2024-09-30
E00068,2023-06-27,F,Full-time,
E00069,2022-12-05,M,Full-time,
E00070,2018-11-27,M,Full-time,
E00071,2018-11-09,M,Full-time,2024-12-31
E00072,2023-02-16,M,Full-time,
E00073,2021-07-27,F,Full-time,
E00074,2021-04-22,F,Full-time,
E00075,2023-11-27,F,Full-time,
E00076,2016-02-28,M,Full-time,
E00077,2017-10-19,F,Full-time,2024-09-30
E00078,2019-01-05,M,Full-time,
E00079,2018-12-26,F,Full-time,
E00080,2022-06-14,M,Full-time,
E00081,2016-08-14,M,Full-time,
E00082,2021-11-13,M,Full-time,
E00083,2022-07-23,F,Full-time,2025-02-28
E00084,2022-08-22,F,Full-time,2025-06-30
E00085,2023-09-19,M,Full-time,
E00086,2020-11-10,F,Full-time,
E00087,2022-10-31,F,Full-time,2024-12-31
E00088,2022-12-29,F,Full-time,2025-06-30
E00089,2023-11-02,M,Full-time,
E00090,2022-08-14,F,Full-time,
E00091,2022-08-16,M,Full-time,
E00092,2019-11-13,F,Full-time,2024-10-31
E00093,2022-09-25,M,Full-time,
E00094,2021-07-17,F,Full-time,2025-04-30
E00095,2020-12-11,M,Full-time,
E00096,2020-03-10,M,Full-time,
E00097,2021-11-15,M,Full-time,2026-03-31
E00098,2020-05-27,M,Full-time,2024-12-31
E00099,2019-02-16,M,Full-time,
E00100,2022-03-15,M,Full-time,
E00101,2021-07-03,F,Full-time,
E00102,2023-12-21,M,Full-time,
E00103,2022-02-28,M,Full-time,2026-04-30
E00104,2020-04-08,M,Full-time,
E00105,2021-09-17,M,Full-time,2024-11-30
E00106,2024-01-14,F,Full-time,
E00107,2022-09-11,F,Full-time,2025-05-31
E00108,2020-05-10,M,Full-time,
E00109,2018-10-18,F,Full-time,
E00110,2022-12-12,M,Full-time,
E00111,2018-10-21,F,Full-time,2025-03-31
E00112,2022-10-18,M,Full-time,
E00113,2019-12-01,M,Full-time,
E00114,2023-07-06,M,Full-time,
E00115,2023-12-23,N,Full-time,2025-10-31
E00116,2021-10-10,F,Full-time,
E00117,2022-05-08,M,Full-time,
E00118,2015-09-19,M,Full-time,2025-10-31
E00119,2023-04-07,F,Full-time,2025-02-28
E00120,2017-01-05,M,Full-time,
E00121,2021-10-18,F,Full-time,
E00122,2023-01-25,F,Full-time,
E00123,2024-04-20,M,Full-time,
E00124,2023-01-13,F,Full-time,
E00125,2023-07-02,F,Full-time,
E00126,2018-10-03,M,Full-time,
E00127,2023-04-06,M,Full-time,
E00128,2018-02-23,F,Full-time,
E00129,2023-08-27,F,Full-time,2026-02-28
E00130,2022-08-18,M,Full-time,
E00131,2021-09-30,F,Full-time,
E00132,2022-08-20,F,Full-time,
E00133,2019-03-16,F,Full-time,
E00134,2021-05-06,F,Full-time,2025-07-31
E00135,2018-12-16,M,Full-time,
E00136,2021-05-04,F,Full-time,
E00137,2024-04-19,M,Full-time,
E00138,2021-12-02,F,Full-time,
E00139,2020-04-04,F,Full-time,
E00140,2020-08-17,M,Full-time,
E00141,2022-07-06,M,Full-time,2026-03-31
E00142,2021-12-23,M,Full-time,2025-04-30
E00143,2016-11-28,F,Full-time,
E00144,2021-07-06,F,Full-time,2025-11-30
E00145,2015-07-19,F,Full-time,
E00146,2018-05-19,M,Full-time,
E00147,2020-05-26,F,Full-time,
E00148,2022-04-10,M,Full-time,
E00149,2024-02-21,F,Full-time,
E00150,2022-02-19,M,Part-time,
E00151,2023-05-19,F,Full-time,
E00152,2015-05-21,F,Part-time,
E00153,2022-07-05,F,Full-time,
E00154,2020-07-22,M,Full-time,
E00155,2022-05-14,M,Full-time,
E00156,2021-02-19,F,Full-time,
E00157,2022-05-15,M,Full-time,2026-08-31
E00158,2023-03-22,M,Full-time,
E00159,2021-02-16,F,Full-time,
E00160,2020-09-29,M,Full-time,
E00161,2014-05-19,M,Full-time,
E00162,2020-06-26,F,Full-time,
E00163,2024-03-07,F,Full-time,
E00164,2018-07-04,F,Full-time,
E00165,2017-04-11,F,Full-time,
E00166,2014-04-18,F,Full-time,
E00167,2023-09-22,F,Full-time,
E00168,2019-10-18,M,Full-time,2026-03-31
E00169,2022-01-05,F,Full-time,
E00170,2022-11-24,F,Full-time,
E00171,2020-05-23,F,Full-time,
E00172,2020-02-10,F,Full-time,
E00173,2022-10-15,F,Full-time,2026-04-30
E00174,2020-05-22,F,Full-time,
E00175,2022-12-03,M,Full-time,
E00176,2022-09-23,M,Full-time,
E00177,2020-07-02,F,Part-time,
E00178,2023-07-19,M,Full-time,
E00179,2012-04-13,F,Full-time,2025-07-31
E00180,2017-10-04,F,Full-time,
E00181,2023-03-26,F,Full-time,
E00182,2024-01-02,F,Full-time,
E00183,2023-08-11,M,Full-time,2025-08-31
E00184,2016-12-16,M,Full-time,
E00185,2022-12-25,F,Full-time,2025-03-31
E00186,2019-10-17,M,Full-time,
E00187,2022-11-30,F,Full-time,2025-02-28
E00188,2021-12-27,M,Full-time,2024-10-31
E00189,2022-09-18,F,Full-time,
E00190,2022-03-20,F,Full-time,
E00191,2023-04-20,F,Part-time,
E00192,2021-06-11,M,Full-time,
E00193,2020-09-21,F,Full-time,
E00194,2017-11-03,M,Full-time,
E00195,2014-02-16,F,Full-time,
E00196,2022-08-20,M,Full-time,2025-06-30
E00197,2022-04-19,F,Full-time,
E00198,2022-02-26,M,Full-time,
E00199,2018-10-26,F,Full-time,
E00200,2023-03-25,F,Part-time,
E00201,2022-04-28,F,Full-time,
E00202,2020-02-10,M,Full-time,
E00203,2023-03-10,F,Full-time,2024-09-30
E00204,2017-04-18,F,Full-time,
E00205,2021-12-05,F,Full-time,2026-04-30
E00206,2023-01-20,F,Full-time,
E00207,2020-11-24,F,Full-time,
E00208,2024-01-08,F,Full-time,
E00209,2021-10-05,M,Full-time,
E00210,2022-08-27,F,Full-time,
E00211,2016-09-13,F,Full-time,
E00212,2015-02-04,M,Full-time,
E00213,2021-04-05,F,Full-time,2025-05-31
E00214,2012-01-04,F,Full-time,2026-03-31
E00215,2024-06-03,M,Full-time,
E00216,2023-05-18,F,Part-time,
E00217,2019-03-26,M,Full-time,2025-02-28
E00218,2023-01-26,F,Full-time,
E00219,2019-04-04,M,Full-time,
E00220,2018-06-27,M,Full-time,
E00221,2021-04-02,M,Full-time,
E00222,2020-10-22,M,Full-time,
E00223,2021-01-01,M,Full-time,
E00224,2022-12-17,F,Full-time,2025-05-31
E00225,2020-09-07,F,Full-time,
E00226,2021-07-30,F,Full-time,
E00227,2023-07-25,F,Full-time,2026-03-31
E00228,2022-08-17,M,Full-time,
E00229,2022-07-04,M,Full-time,2025-04-30
E00230,2020-01-13,F,Full-time,
E00231,2022-08-16,M,Full-time,
E00232,2019-08-16,F,Full-time,
E00233,2022-04-14,F,Full-time,
E00234,2022-08-27,M,Full-time,
E00235,2022-11-24,F,Full-time,
E00236,2021-11-29,M,Full-time,
E00237,2022-07-09,F,Full-time,
E00238,2022-04-27,M,Full-time,
E00239,2017-10-18,M,Full-time,
E00240,2021-12-04,M,Full-time,
E00241,2023-04-14,M,Full-time,
E00242,2019-08-23,M,Full-time,
E00243,2020-11-29,F,Full-time,
E00244,2024-06-01,F,Full-time,
E00245,2015-11-25,F,Full-time,
E00246,2018-07-22,F,Full-time,
E00247,2019-11-27,M,Full-time,
E00248,2020-04-09,M,Full-time,
E00249,2020-06-22,F,Full-time,
E00250,2023-02-03,M,Full-time,2026-03-31
E00251,2022-08-16,M,Full-time,2025-03-31
E00252,2023-12-25,F,Full-time,
E00253,2021-11-05,M,Full-time,
E00254,2023-12-22,M,Full-time,2025-01-31
E00255,2024-04-10,M,Full-time,
E00256,2022-09-12,F,Full-time,
E00257,2019-09-27,M,Full-time,
E00258,2022-01-20,F,Full-time,
E00259,2017-08-18,F,Full-time,
E00260,2022-08-19,M,Full-time,2025-03-31
E00261,2019-04-12,F,Full-time,2025-05-31
E00262,2021-04-09,M,Full-time,2026-03-31
E00263,2022-05-10,M,Full-time,
E00264,2021-11-16,M,Full-time,2024-11-30
E00265,2022-08-24,F,Full-time,
E00266,2023-06-10,F,Part-time,
E00267,2015-02-09,F,Full-time,
E00268,2022-03-18,M,Full-time,
E00269,2023-04-12,F,Full-time,
E00270,2022-07-07,F,Full-time,
E00271,2024-08-15,M,Full-time,
E00272,2021-11-24,M,Full-time,
E00273,2020-07-16,F,Full-time,
E00274,2015-05-31,F,Full-time,2026-03-31
E00275,2014-12-08,M,Full-time,
E00276,2018-08-30,M,Full-time,
E00277,2024-01-07,M,Full-time,2025-10-31
E00278,2020-07-27,F,Full-time,
E00279,2023-10-07,F,Part-time,
E00280,2021-10-05,M,Full-time,
E00281,2020-12-07,M,Full-time,2026-08-31
E00282,2017-01-10,F,Full-time,2026-01-31
E00283,2022-07-29,M,Full-time,
E00284,2018-10-10,M,Full-time,2026-07-31
E00285,2022-03-17,F,Full-time,
E00286,2021-10-12,F,Full-time,
E00287,2023-12-03,F,Full-time,2026-02-28
E00288,2023-05-19,M,Full-time,
E00289,2022-05-15,F,Full-time,2025-10-31
E00290,2020-11-05,M,Part-time,
E00291,2018-07-11,M,Full-time,2026-02-28
E00292,2023-02-05,M,Full-time,
E00293,2021-09-23,N,Full-time,
E00294,2022-11-01,F,Full-time,
E00295,2023-10-09,N,Full-time,2025-11-30
E00296,2022-02-21,M,Full-time,2026-01-31
E00297,2021-03-04,F,Full-time,
E00298,2015-07-21,F,Full-time,
E00299,2018-09-26,M,Full-time,
E00300,2023-06-09,F,Full-time,
E00301,2020-07-14,F,Full-time,2026-01-31
E00302,2020-06-26,F,Full-time,
E00303,2023-11-26,M,Full-time,
E00304,2022-03-18,M,Full-time,2025-03-31
E00305,2024-09-09,M,Full-time,
E00306,2024-06-24,M,Full-time,2025-03-31
E00307,2021-04-19,M,Full-time,
E00308,2022-12-13,M,Full-time,2024-11-30
E00309,2020-03-11,F,Full-time,
E00310,2023-07-22,M,Part-time,
E00311,2023-12-05,M,Full-time,
E00312,2021-01-03,M,Full-time,
E00313,2020-10-22,M,Part-time,2024-10-31
E00314,2021-01-02,F,Full-time,
E00315,2023-08-18,M,Full-time,2024-11-30
E00316,2023-08-03,M,Part-time,
E00317,2023-08-31,N,Full-time,
E00318,2022-11-15,F,Full-time,
E00319,2020-07-29,M,Full-time,
E00320,2024-02-19,M,Part-time,2026-06-30
E00321,2022-12-19,M,Full-time,
E00322,2023-09-21,F,Full-time,
E00323,2021-11-13,M,Full-time,
E00324,2020-11-26,F,Full-time,
E00325,2021-01-16,M,Full-time,
E00326,2022-07-09,M,Full-time,
E00327,2020-09-21,F,Full-time,
E00328,2023-01-31,F,Full-time,
E00329,2020-10-05,F,Full-time,2026-04-30
E00330,2023-03-12,F,Full-time,2026-01-31
E00331,2023-07-10,M,Full-time,
E00332,2022-10-08,F,Full-time,
E00333,2022-06-09,M,Full-time,2024-11-30
E00334,2024-02-04,M,Full-time,2025-04-30
E00335,2020-04-13,M,Full-time,2026-03-31
E00336,2023-02-04,M,Full-time,
E00337,2020-10-19,M,Full-time,2026-04-30
E00338,2024-01-17,F,Full-time,
E00339,2022-01-06,F,Full-time,
E00340,2020-09-07,M,Part-time,
E00341,2017-03-24,F,Full-time,
E00342,2022-04-28,F,Full-time,2026-02-28
E00343,2021-06-07,F,Full-time,
E00344,2022-11-26,F,Full-time,
E00345,2020-03-27,M,Full-time,2024-12-31
E00346,2022-09-24,F,Full-time,
E00347,2022-09-20,F,Full-time,2025-05-31
E00348,2021-01-08,M,Full-time,
E00349,2023-09-29,M,Full-time,2025-10-31
E00350,2020-06-22,M,Full-time,2025-07-31
E00351,2022-05-05,F,Full-time,
E00352,2022-09-15,M,Full-time,
E00353,2019-10-19,F,Full-time,
E00354,2014-09-09,M,Full-time,2025-06-30
E00355,2016-11-13,M,Full-time,
E00356,2022-03-17,M,Full-time,
E00357,2024-02-29,F,Full-time,
E00358,2022-04-29,F,Full-time,
E00359,2018-11-09,F,Full-time,2025-12-31
E00360,2024-03-02,F,Full-time,
E00361,2018-11-09,M,Full-time,
E00362,2022-05-01,M,Full-time,
E00363,2020-11-05,M,Full-time,
E00364,2022-07-02,M,Full-time,2026-08-31
E00365,2019-10-20,F,Full-time,2026-03-31
E00366,2024-03-12,M,Full-time,
E00367,2019-12-11,F,Full-time,
E00368,2018-09-04,F,Full-time,
E00369,2019-02-04,M,Full-time,
E00370,2022-07-26,F,Full-time,
E00371,2023-07-16,M,Full-time,
E00372,2023-11-19,F,Full-time,2025-05-31
E00373,2024-02-05,M,Full-time,
E00374,2020-01-24,M,Part-time,2025-07-31
E00375,2020-02-05,M,Full-time,
E00376,2022-11-04,F,Full-time,
E00377,2021-08-16,F,Full-time,2025-03-31
E00378,2022-10-26,F,Full-time,
E00379,2019-10-16,M,Full-time,
E00380,2023-10-26,M,Full-time,2026-02-28
E00381,2021-08-19,F,Full-time,
E00382,2020-01-31,M,Full-time,
E00383,2017-07-10,F,Full-time,2024-11-30
E00384,2022-10-19,F,Full-time,
E00385,2015-05-29,M,Full-time,
E00386,2023-07-06,F,Full-time,
E00387,2023-09-04,F,Full-time,
E00388,2023-12-05,M,Full-time,
E00389,2022-05-29,F,Full-time,
E00390,2017-11-27,M,Full-time,2025-05-31
E00391,2023-04-25,M,Full-time,2026-03-31
E00392,2018-10-07,F,Full-time,
E00393,2022-06-20,F,Full-time,2024-10-31
E00394,2017-04-19,M,Part-time,
E00395,2024-08-01,M,Full-time,
E00396,2017-05-10,F,Full-time,2026-08-31
E00397,2021-02-22,F,Full-time,
E00398,2022-07-05,M,Full-time,2024-12-31
E00399,2020-05-06,M,Full-time,
E00400,2024-03-06,F,Full-time,2026-04-30
E00401,2018-03-19,F,Full-time,
E00402,2022-10-15,M,Full-time,2026-03-31
E00403,2020-06-17,M,Full-time,2026-08-31
E00404,2023-05-19,F,Part-time,2025-01-31
E00405,2020-04-03,F,Full-time,
E00406,2023-11-06,F,Full-time,
E00407,2022-05-27,M,Full-time,
E00408,2023-05-22,F,Full-time,
E00409,2021-10-22,M,Full-time,
E00410,2022-07-06,F,Part-time,2025-02-28
E00411,2017-11-24,F,Full-time,
E00412,2018-11-01,M,Full-time,
E00413,2023-12-07,F,Full-time,
E00414,2021-02-16,M,Full-time,
E00415,2024-03-10,F,Full-time,
E00416,2020-02-28,M,Full-time,
E00417,2022-05-10,F,Full-time,2025-09-30
E00418,2020-03-13,M,Full-time,2025-09-30
E00419,2023-10-09,F,Full-time,
E00420,2023-05-14,M,Full-time,
E00421,2023-02-25,M,Full-time,
E00422,2022-02-27,F,Full-time,2024-11-30
E00423,2020-04-20,M,Full-time,
E00424,2023-01-13,M,Full-time,
E00425,2022-12-24,F,Full-time,
E00426,2019-07-14,M,Full-time,
E00427,2016-06-24,F,Full-time,2024-09-30
E00428,2023-08-20,M,Full-time,
E00429,2017-12-23,F,Part-time,2025-10-31
E00430,2019-05-26,M,Full-time,
E00431,2023-08-22,F,Full-time,
E00432,2023-07-19,F,Part-time,
E00433,2022-07-01,M,Full-time,
E00434,2019-05-24,F,Full-time,2024-11-30
E00435,2022-08-11,M,Full-time,
E00436,2019-10-09,M,Full-time,
E00437,2023-09-26,F,Full-time,
E00438,2023-12-11,M,Full-time,
E00439,2020-03-19,M,Full-time,
E00440,2019-02-27,F,Full-time,
E00441,2022-03-20,M,Full-time,
E00442,2023-05-25,M,Full-time,
E00443,2024-06-15,M,Full-time,
E00444,2022-11-10,F,Full-time,
E00445,2018-05-21,F,Full-time,
E00446,2021-03-11,M,Full-time,
E00447,2020-10-17,F,Full-time,
E00448,2020-09-21,M,Full-time,
E00449,2011-01-19,F,Full-time,
E00450,2022-03-11,M,Full-time,2024-09-30
E00451,2023-09-12,F,Full-time,
E00452,2022-01-21,F,Full-time,2026-01-31
E00453,2021-05-26,M,Full-time,
E00454,2020-08-27,F,Full-time,
E00455,2018-12-04,M,Full-time,2025-05-31
E00456,2023-11-30,M,Full-time,
E00457,2021-01-16,F,Full-time,
E00458,2023-10-01,M,Full-time,
E00459,2023-07-27,F,Full-time,2025-05-31
E00460,2022-01-31,M,Full-time,
E00461,2015-06-14,F,Full-time,
E00462,2022-09-15,F,Full-time,
E00463,2024-06-17,F,Full-time,2026-07-31
E00464,2019-10-01,M,Full-time,
E00465,2018-06-08,F,Full-time,2024-10-31
E00466,2022-05-16,M,Full-time,2025-09-30
E00467,2017-12-31,M,Full-time,
E00468,2021-10-08,F,Full-time,
E00469,2021-03-05,M,Full-time,
E00470,2021-05-27,M,Full-time,
E00471,2017-11-14,N,Full-time,
E00472,2021-08-11,M,Full-time,
E00473,2023-09-05,M,Full-time,
E00474,2021-01-25,M,Full-time,
E00475,2020-01-02,M,Full-time,
E00476,2021-11-23,M,Full-time,
E00477,2022-10-01,M,Full-time,
E00478,2023-10-17,F,Full-time,2025-01-31
E00479,2022-01-06,M,Full-time,
E00480,2019-08-20,F,Full-time,
E00481,2019-12-10,M,Full-time,2026-02-28
E00482,2020-06-06,F,Full-time,
E00483,2019-05-23,F,Full-time,
E00484,2016-03-26,M,Full-time,
E00485,2023-05-03,M,Full-time,
E00486,2021-11-01,M,Full-time,
E00487,2021-01-22,M,Full-time,
E00488,2022-07-11,F,Full-time,
E00489,2021-02-13,M,Full-time,
E00490,2020-12-20,F,Full-time,
E00491,2022-10-13,F,Full-time,2024-09-30
E00492,2017-09-19,F,Full-time,
E00493,2021-11-03,M,Full-time,
E00494,2022-10-15,M,Full-time,2025-03-31
E00495,2019-11-04,M,Full-time,
E00496,2023-04-30,M,Full-time,2025-10-31
E00497,2021-06-30,M,Full-time,
E00498,2018-05-05,M,Full-time,
E00499,2023-04-20,M,Full-time,
E00500,2016-02-09,M,Full-time,
E00501,2021-03-25,M,Full-time,2025-12-31
E00502,2019-08-23,F,Full-time,
E00503,2024-01-04,N,Full-time,
E00504,2019-03-17,M,Full-time,
E00505,2020-08-25,F,Full-time,
E00506,2024-02-14,M,Full-time,
E00507,2023-10-29,M,Full-time,
E00508,2022-04-21,F,Full-time,2025-03-31
E00509,2023-11-27,M,Full-time,
E00510,2024-01-19,M,Full-time,
E00511,2023-11-15,M,Full-time,2025-09-30
E00512,2020-07-09,F,Full-time,
E00513,2019-10-25,F,Full-time,
E00514,2017-11-09,M,Full-time,
E00515,2022-08-03,M,Full-time,2025-09-30
E00516,2021-04-05,F,Full-time,2024-11-30
E00517,2018-04-21,M,Full-time,2025-03-31
E00518,2022-07-16,M,Full-time,
E00519,2022-12-19,F,Full-time,
E00520,2020-01-15,F,Full-time,
E00521,2024-06-02,F,Full-time,2025-11-30
E00522,2021-05-21,F,Full-time,2026-04-30
E00523,2021-10-07,M,Full-time,
E00524,2023-01-26,M,Part-time,
E00525,2020-08-16,F,Full-time,
E00526,2020-05-02,F,Full-time,
E00527,2024-09-09,M,Full-time,2026-01-31
E00528,2021-11-11,F,Full-time,
E00529,2020-01-11,M,Full-time,
E00530,2020-01-13,M,Full-time,2026-01-31
E00531,2017-05-15,M,Full-time,
E00532,2021-12-30,F,Full-time,
E00533,2016-05-24,M,Full-time,
E00534,2023-08-16,F,Full-time,
E00535,2023-02-16,M,Full-time,
E00536,2021-12-03,M,Full-time,
E00537,2023-05-27,F,Full-time,2026-04-30
E00538,2022-05-30,M,Full-time,
E00539,2022-04-02,M,Full-time,
E00540,2023-01-19,M,Full-time,
E00541,2020-12-09,M,Full-time,
E00542,2017-03-29,F,Full-time,
E00543,2018-06-04,M,Full-time,2026-05-31
E00544,2024-01-12,M,Full-time,2024-11-30
E00545,2020-11-11,M,Full-time,2026-02-28
E00546,2022-01-01,F,Full-time,
E00547,2022-08-21,F,Full-time,
E00548,2023-05-07,F,Full-time,
E00549,2018-03-15,F,Full-time,2026-02-28
E00550,2020-02-03,F,Full-time,
E00551,2021-06-23,M,Full-time,2025-02-28
E00552,2019-09-22,M,Full-time,
E00553,2023-01-21,F,Full-time,
E00554,2018-06-20,N,Full-time,2026-02-28
E00555,2023-08-09,M,Full-time,
E00556,2022-03-13,M,Full-time,
E00557,2020-03-01,M,Full-time,2025-03-31
E00558,2017-02-06,F,Full-time,2025-11-30
E00559,2023-08-22,N,Full-time,
E00560,2019-10-06,F,Full-time,
E00561,2020-02-19,M,Full-time,
E00562,2021-07-01,F,Full-time,
E00563,2018-05-11,F,Full-time,2026-02-28
E00564,2019-12-02,F,Part-time,
E00565,2021-02-24,F,Full-time,
E00566,2021-09-28,M,Full-time,
E00567,2022-05-11,F,Full-time,
E00568,2020-01-29,M,Full-time,2025-09-30
E00569,2021-02-04,F,Full-time,
E00570,2024-07-17,M,Full-time,
E00571,2021-06-20,F,Full-time,
E00572,2019-10-01,M,Full-time,
E00573,2021-12-31,F,Full-time,
E00574,2023-05-15,F,Full-time,2026-01-31
E00575,2015-01-20,M,Full-time,
E00576,2022-09-05,F,Full-time,2026-07-31
E00577,2021-09-16,M,Full-time,2025-01-31
E00578,2022-06-28,M,Full-time,
E00579,2016-03-16,F,Full-time,2025-10-31
E00580,2021-10-25,M,Full-time,
E00581,2022-05-22,F,Full-time,2025-10-31
E00582,2021-10-18,F,Full-time,2025-05-31
E00583,2018-12-22,M,Full-time,
E00584,2019-11-24,M,Full-time,
E00585,2018-04-27,M,Full-time,2025-03-31
E00586,2020-11-02,M,Full-time,
E00587,2020-12-02,F,Full-time,2025-05-31
E00588,2016-07-24,M,Full-time,
E00589,2020-12-23,M,Full-time,
E00590,2019-02-05,M,Full-time,
E00591,2021-01-14,F,Full-time,
E00592,2023-03-16,M,Full-time,
E00593,2019-05-12,F,Full-time,
E00594,2022-05-19,F,Full-time,2024-12-31
E00595,2024-01-20,F,Full-time,
E00596,2014-09-10,M,Full-time,
E00597,2022-03-03,F,Full-time,
E00598,2023-12-28,F,Full-time,
E00599,2019-08-01,M,Full-time,2025-07-31
E00600,2022-06-17,F,Full-time,
E00601,2020-07-19,F,Full-time,
E00602,2021-06-22,F,Full-time,
E00603,2023-01-26,F,Full-time,
E00604,2020-07-08,F,Full-time,2024-09-30
E00605,2017-04-23,F,Full-time,
E00606,2021-11-08,N,Full-time,
E00607,2019-11-04,M,Full-time,
E00608,2022-11-24,M,Full-time,
E00609,2017-05-05,F,Full-time,
E00610,2022-08-26,M,Full-time,
E00611,2020-11-05,F,Full-time,
E00612,2023-11-16,F,Full-time,
E00613,2020-02-26,F,Full-time,
E00614,2022-12-14,M,Full-time,2025-01-31
E00615,2021-06-13,M,Full-time,2024-09-30
E00616,2023-06-18,F,Full-time,
E00617,2015-10-20,F,Full-time,
E00618,2022-02-03,F,Full-time,
E00619,2021-07-15,F,Full-time,
E00620,2020-05-20,M,Full-time,2025-02-28
E00621,2021-04-20,F,Full-time,2025-11-30
E00622,2019-10-03,M,Full-time,
E00623,2021-06-14,M,Full-time,
E00624,2022-05-28,M,Full-time,2026-01-31
E00625,2022-04-01,F,Part-time,
E00626,2021-04-06,F,Full-time,
E00627,2020-09-23,F,Full-time,
E00628,2023-04-25,M,Full-time,2025-03-31
E00629,2022-10-29,M,Part-time,2025-09-30
E00630,2023-11-09,M,Full-time,2025-06-30
E00631,2021-01-17,F,Full-time,
E00632,2023-10-25,F,Full-time,
E00633,2024-01-23,M,Full-time,
E00634,2019-12-05,F,Full-time,2026-08-31
E00635,2020-11-19,M,Full-time,
E00636,2021-04-23,F,Full-time,2025-09-30
E00637,2023-06-27,F,Full-time,
E00638,2024-01-28,F,Full-time,2026-04-30
E00639,2022-01-02,M,Full-time,
E00640,2022-09-03,F,Full-time,
E00641,2021-04-06,M,Full-time,
E00642,2023-03-07,M,Full-time,
E00643,2024-03-05,F,Full-time,2025-09-30
E00644,2024-06-20,M,Full-time,
E00645,2020-05-07,F,Part-time,
E00646,2020-07-13,F,Full-time,
E00647,2022-10-15,M,Full-time,
E00648,2023-10-05,F,Full-time,2025-02-28
E00649,2014-11-21,F,Full-time,
E00650,2020-08-22,M,Full-time,
E00651,2023-03-24,F,Full-time,2024-09-30
E00652,2020-08-19,M,Full-time,
E00653,2022-02-11,F,Full-time,
E00654,2021-05-28,F,Full-time,2026-05-31
E00655,2021-04-23,M,Part-time,
E00656,2022-08-15,M,Full-time,
E00657,2023-02-12,F,Full-time,
E00658,2023-07-14,F,Full-time,2024-09-30
E00659,2021-01-29,M,Part-time,2025-02-28
E00660,2024-05-17,F,Full-time,
E00661,2023-06-18,N,Full-time,2026-06-30
E00662,2022-07-17,F,Full-time,
E00663,2019-06-27,F,Full-time,
E00664,2020-10-06,M,Full-time,
E00665,2022-04-15,N,Full-time,
E00666,2023-02-25,M,Full-time,
E00667,2024-06-05,F,Full-time,2024-10-31
E00668,2023-04-24,M,Full-time,
E00669,2021-05-07,N,Full-time,
E00670,2020-07-20,M,Full-time,
E00671,2022-05-22,F,Full-time,
E00672,2017-08-01,M,Full-time,
E00673,2023-04-04,M,Full-time,2025-03-31
E00674,2020-07-10,F,Full-time,2025-04-30
E00675,2022-10-05,M,Full-time,
E00676,2022-10-07,M,Full-time,2024-10-31
E00677,2021-04-27,F,Full-time,
E00678,2024-01-15,F,Full-time,
E00679,2017-11-08,M,Full-time,
E00680,2024-02-28,M,Full-time,
E00681,2020-12-14,F,Full-time,
E00682,2023-04-23,F,Full-time,2026-08-31
E00683,2024-01-15,F,Full-time,
E00684,2021-09-13,M,Full-time,
E00685,2021-05-19,M,Full-time,2025-01-31
E00686,2017-12-12,M,Full-time,
E00687,2023-09-08,F,Full-time,
E00688,2024-06-11,M,Full-time,
E00689,2022-11-23,M,Full-time,
E00690,2019-02-04,M,Full-time,
E00691,2009-09-12,M,Full-time,2024-09-30
E00692,2023-06-17,N,Full-time,
E00693,2022-02-12,M,Full-time,
E00694,2024-02-05,F,Full-time,
E00695,2014-11-11,F,Full-time,2025-03-31
E00696,2008-09-30,M,Full-time,
E00697,2021-05-04,M,Full-time,2025-10-31
E00698,2021-03-27,F,Full-time,2026-04-30
E00699,2021-06-20,M,Full-time,
E00700,2017-12-05,F,Full-time,
E00701,2022-12-12,M,Full-time,
E00702,2024-03-29,M,Full-time,2025-03-31
E00703,2024-07-16,F,Full-time,
E00704,2018-10-21,F,Full-time,2026-05-31
E00705,2022-04-15,M,Full-time,
E00706,2019-10-14,F,Full-time,2025-08-31
E00707,2018-05-18,F,Full-time,
E00708,2021-06-14,F,Full-time,
E00709,2019-02-01,F,Full-time,
E00710,2021-12-13,F,Full-time,
E00711,2013-04-03,M,Full-time,
E00712,2022-02-22,F,Full-time,
E00713,2021-01-02,M,Full-time,2024-09-30
E00714,2022-03-27,M,Full-time,
E00715,2024-09-12,F,Full-time,2025-12-31
E00716,2022-03-17,M,Full-time,2024-11-30
E00717,2020-04-06,M,Full-time,
E00718,2017-03-14,M,Full-time,2025-11-30
E00719,2023-10-15,M,Full-time,2026-05-31
E00720,2023-06-28,F,Full-time,
E00721,2023-02-26,F,Full-time,
E00722,2021-10-31,M,Full-time,
E00723,2013-07-15,M,Full-time,
E00724,2023-09-26,F,Full-time,2026-02-28
E00725,2020-03-21,M,Full-time,
E00726,2021-05-15,M,Full-time,
E00727,2024-01-21,F,Full-time,
E00728,2021-02-07,M,Full-time,
E00729,2019-05-12,M,Full-time,
E00730,2021-03-14,M,Full-time,2026-02-28
E00731,2023-06-28,M,Full-time,2025-05-31
E00732,2015-09-24,F,Full-time,
E00733,2020-03-05,M,Full-time,
E00734,2019-05-19,M,Full-time,
E00735,2023-11-21,F,Full-time,
E00736,2021-03-31,M,Full-time,2025-03-31
E00737,2019-11-01,M,Full-time,
E00738,2022-09-12,F,Full-time,
E00739,2021-12-06,F,Full-time,
E00740,2022-11-20,M,Full-time,2025-01-31
E00741,2022-08-29,F,Full-time,
E00742,2023-09-07,F,Full-time,
E00743,2019-09-06,M,Full-time,
E00744,2023-04-04,M,Full-time,
E00745,2021-12-26,F,Full-time,2025-08-31
E00746,2022-08-14,F,Full-time,2024-09-30
E00747,2020-02-22,F,Full-time,
E00748,2023-01-20,F,Full-time,
E00749,2024-03-06,F,Full-time,
E00750,2022-11-04,M,Full-time,
E00751,2022-10-01,M,Full-time,
E00752,2022-12-14,M,Full-time,
E00753,2015-10-28,F,Full-time,
E00754,2023-03-13,F,Full-time,2025-01-31
E00755,2024-01-10,F,Full-time,
E00756,2021-04-21,F,Full-time,
E00757,2023-08-20,F,Full-time,
E00758,2019-05-12,N,Full-time,
E00759,2022-02-17,F,Full-time,
E00760,2014-11-25,F,Full-time,
E00761,2022-07-08,M,Full-time,
E00762,2021-07-13,M,Full-time,2025-09-30
E00763,2008-09-30,M,Full-time,
E00764,2019-04-06,M,Full-time,
E00765,2022-09-27,F,Full-time,
E00766,2022-06-30,M,Full-time,2026-08-31
E00767,2021-12-22,M,Full-time,
E00768,2023-10-13,F,Full-time,
E00769,2014-09-02,M,Full-time,
E00770,2022-07-24,M,Full-time,
E00771,2024-06-19,F,Full-time,2024-09-30
E00772,2016-09-23,F,Full-time,
E00773,2020-04-23,F,Full-time,2025-07-31
E00774,2019-01-20,F,Full-time,
E00775,2011-07-16,F,Full-time,
E00776,2022-05-30,M,Full-time,
E00777,2023-08-31,M,Full-time,
E00778,2023-02-21,F,Full-time,
E00779,2024-04-01,M,Full-time,2026-02-28
E00780,2020-10-23,M,Full-time,
E00781,2022-06-05,F,Full-time,
E00782,2021-11-08,F,Full-time,
E00783,2023-08-26,N,Full-time,
E00784,2010-11-27,M,Full-time,2026-04-30
E00785,2020-10-24,N,Full-time,
E00786,2021-08-12,M,Full-time,2026-01-31
E00787,2019-10-08,M,Full-time,2024-09-30
E00788,2019-01-13,F,Full-time,
E00789,2023-04-18,F,Full-time,
E00790,2014-12-05,F,Full-time,
E00791,2017-07-07,F,Full-time,2025-07-31
E00792,2021-03-26,M,Full-time,
E00793,2024-07-01,M,Full-time,
E00794,2020-08-23,M,Full-time,
E00795,2021-07-22,F,Full-time,
E00796,2022-08-10,F,Full-time,
E00797,2023-09-08,M,Full-time,
E00798,2023-10-05,M,Full-time,
E00799,2022-12-21,F,Full-time,
E00800,2022-12-07,F,Full-time,
E00801,2022-08-01,M,Full-time,
E00802,2017-12-23,M,Full-time,
E00803,2015-03-21,M,Full-time,2025-09-30
E00804,2023-07-29,M,Full-time,2026-03-31
E00805,2022-07-03,F,Full-time,
E00806,2024-02-02,N,Full-time,2026-03-31
E00807,2023-03-17,M,Full-time,
E00808,2021-04-10,M,Full-time,
E00809,2022-02-01,F,Full-time,
E00810,2018-10-04,M,Part-time,
E00811,2021-12-30,M,Full-time,
E00812,2021-11-28,F,Full-time,
E00813,2020-12-05,F,Full-time,
E00814,2022-10-29,M,Full-time,
E00815,2022-02-14,M,Full-time,
E00816,2022-03-02,M,Full-time,
E00817,2024-08-28,M,Full-time,2024-09-30
E00818,2022-10-05,M,Full-time,2025-04-30
E00819,2022-06-14,F,Full-time,
E00820,2022-01-11,F,Full-time,
E00821,2023-05-03,F,Full-time,
E00822,2023-06-20,F,Full-time,
E00823,2019-05-02,F,Full-time,2025-12-31
E00824,2023-03-03,F,Full-time,
E00825,2024-01-08,F,Full-time,
E00826,2024-01-29,F,Full-time,2025-03-31
E00827,2024-03-01,M,Full-time,
E00828,2024-03-13,M,Full-time,
E00829,2022-07-22,F,Full-time,2024-09-30
E00830,2023-07-30,F,Full-time,
E00831,2020-04-23,M,Full-time,
E00832,2024-06-15,M,Full-time,
E00833,2024-04-16,F,Part-time,
E00834,2021-12-28,F,Full-time,2026-04-30
E00835,2024-04-13,F,Full-time,
E00836,2020-07-06,M,Full-time,
E00837,2022-11-19,F,Full-time,
E00838,2023-12-02,M,Full-time,
E00839,2024-07-23,M,Full-time,
E00840,2023-10-17,F,Full-time,
E00841,2023-04-23,M,Full-time,
E00842,2023-03-14,F,Full-time,2025-09-30
E00843,2021-08-21,F,Full-time,
E00844,2012-01-23,M,Full-time,
E00845,2022-06-08,M,Full-time,
E00846,2023-12-09,M,Full-time,2026-01-31
E00847,2022-12-24,M,Full-time,
E00848,2018-11-07,F,Full-time,
E00849,2019-03-25,M,Full-time,
E00850,2020-04-14,M,Full-time,2025-01-31
E00851,2022-02-26,F,Full-time,
E00852,2020-09-28,M,Full-time,2026-02-28
E00853,2023-06-02,F,Full-time,2026-05-31
E00854,2019-10-01,F,Full-time,2026-02-28
E00855,2024-04-15,M,Full-time,
E00856,2018-07-11,M,Full-time,
E00857,2022-09-06,F,Full-time,
E00858,2022-09-26,M,Full-time,2024-10-31
E00859,2023-03-14,M,Full-time,
E00860,2022-04-03,F,Full-time,2025-04-30
E00861,2020-02-29,M,Full-time,
E00862,2022-03-01,F,Full-time,2024-09-30
E00863,2021-10-02,F,Full-time,
E00864,2020-02-04,F,Full-time,
E00865,2019-10-01,F,Part-time,
E00866,2024-09-11,F,Full-time,
E00867,2019-11-26,F,Full-time,2025-03-31
E00868,2012-01-07,F,Full-time,
E00869,2021-12-06,M,Full-time,2026-08-31
E00870,2014-07-03,M,Full-time,2026-07-31
E00871,2022-08-09,F,Full-time,2024-11-30
E00872,2022-04-14,M,Full-time,
E00873,2020-06-05,M,Full-time,
E00874,2020-06-13,F,Full-time,
E00875,2021-06-20,M,Full-time,
E00876,2021-03-23,F,Full-time,
E00877,2022-07-27,M,Full-time,
E00878,2019-05-04,F,Full-time,
E00879,2019-03-01,M,Full-time,2026-06-30
E00880,2023-07-20,M,Full-time,
E00881,2022-05-31,M,Full-time,
E00882,2021-11-09,F,Full-time,2026-01-31
E00883,2022-07-18,M,Full-time,2026-03-31
E00884,2022-01-26,M,Full-time,
E00885,2022-12-29,F,Full-time,
E00886,2023-09-01,F,Full-time,
E00887,2021-01-27,F,Full-time,2024-10-31
E00888,2018-06-29,M,Part-time,2024-09-30
E00889,2023-08-06,F,Full-time,
E00890,2019-04-22,M,Full-time,
E00891,2019-02-16,M,Full-time,
E00892,2023-02-25,M,Full-time,
E00893,2022-08-11,M,Full-time,
E00894,2018-11-07,M,Full-time,
E00895,2023-06-20,F,Full-time,2025-01-31
E00896,2020-12-25,M,Full-time,2025-11-30
E00897,2023-05-10,M,Full-time,
E00898,2023-11-01,M,Full-time,
E00899,2011-03-12,F,Full-time,2026-05-31
E00900,2020-01-01,M,Full-time,
E00901,2023-11-30,M,Full-time,
E00902,2021-09-11,M,Full-time,
E00903,2021-06-09,M,Full-time,
E00904,2023-10-22,M,Full-time,
E00905,2021-07-01,F,Full-time,
E00906,2019-12-16,N,Full-time,
E00907,2023-07-14,M,Full-time,2024-09-30
E00908,2022-03-12,M,Full-time,
E00909,2024-05-29,M,Full-time,2025-04-30
E00910,2018-09-20,F,Full-time,
E00911,2021-05-16,F,Full-time,
E00912,2020-09-18,M,Full-time,2026-01-31
E00913,2021-03-11,M,Full-time,2025-11-30
E00914,2023-01-23,M,Full-time,
E00915,2018-06-12,M,Full-time,
E00916,2023-05-30,F,Part-time,
E00917,2023-12-06,F,Full-time,2025-12-31
E00918,2023-07-21,F,Full-time,2025-09-30
E00919,2023-03-27,F,Part-time,
E00920,2020-09-09,F,Full-time,
E00921,2019-04-15,F,Full-time,
E00922,2021-12-05,F,Full-time,
E00923,2022-10-24,M,Full-time,
E00924,2022-02-11,M,Full-time,
E00925,2018-12-12,F,Full-time,
E00926,2017-04-27,F,Full-time,
E00927,2023-04-13,N,Full-time,
E00928,2022-06-17,M,Full-time,
E00929,2022-02-06,M,Full-time,2024-09-30
E00930,2020-09-20,M,Full-time,
E00931,2015-10-09,F,Full-time,2025-07-31
E00932,2022-08-27,F,Full-time,2026-01-31
E00933,2014-10-11,M,Full-time,
E00934,2022-10-12,F,Full-time,
E00935,2020-12-18,F,Full-time,2025-02-28
E00936,2024-08-30,F,Part-time,
E00937,2023-06-01,M,Full-time,2025-03-31
E00938,2022-10-14,F,Full-time,
E00939,2022-07-14,F,Part-time,2025-04-30
E00940,2017-12-15,F,Full-time,
E00941,2020-02-12,M,Full-time,
E00942,2022-03-15,F,Full-time,
E00943,2023-06-04,F,Full-time,
E00944,2022-08-22,F,Full-time,
E00945,2023-02-12,M,Full-time,
E00946,2022-04-04,M,Full-time,
E00947,2021-07-24,F,Full-time,
E00948,2023-04-28,F,Full-time,
E00949,2024-03-29,M,Full-time,
E00950,2020-08-21,F,Full-time,2024-11-30
E00951,2021-05-30,M,Full-time,
E00952,2021-02-04,F,Full-time,
E00953,2022-05-17,M,Full-time,2025-08-31
E00954,2022-05-20,F,Full-time,2025-02-28
E00955,2023-05-14,F,Full-time,
E00956,2020-07-16,M,Full-time,
E00957,2023-03-11,N,Full-time,
E00958,2023-06-09,M,Full-time,
E00959,2023-10-16,F,Full-time,
E00960,2013-04-22,M,Full-time,
E00961,2024-06-28,M,Part-time,
E00962,2018-04-18,F,Full-time,
E00963,2020-12-12,M,Full-time,2025-06-30
E00964,2018-01-15,F,Full-time,2026-02-28
E00965,2021-10-21,F,Full-time,
E00966,2023-03-11,M,Full-time,
E00967,2018-02-27,M,Full-time,
E00968,2019-08-17,F,Full-time,
E00969,2014-01-26,F,Full-time,
E00970,2023-01-06,F,Full-time,
E00971,2022-02-06,M,Full-time,
E00972,2022-06-14,F,Full-time,
E00973,2022-08-02,M,Full-time,
E00974,2023-12-13,M,Full-time,2025-04-30
E00975,2016-09-27,F,Full-time,
E00976,2024-05-28,M,Full-time,2025-02-28
E00977,2018-05-07,F,Full-time,
E00978,2021-07-31,F,Full-time,
E00979,2016-11-19,M,Full-time,
E00980,2023-02-23,F,Full-time,
E00981,2023-12-29,M,Full-time,
E00982,2021-04-03,M,Full-time,
E00983,2022-09-05,F,Full-time,
E00984,2022-06-19,F,Full-time,
E00985,2022-11-18,F,Full-time,2026-07-31
E00986,2023-03-11,F,Full-time,
E00987,2021-07-03,F,Full-time,
E00988,2023-03-17,M,Full-time,
E00989,2022-06-12,M,Full-time,
E00990,2020-12-11,M,Full-time,
E00991,2020-04-26,M,Full-time,
E00992,2022-09-16,M,Full-time,
E00993,2018-10-04,F,Full-time,2026-01-31
E00994,2023-04-10,F,Full-time,
E00995,2024-02-21,F,Full-time,
E00996,2022-05-12,M,Full-time,2025-04-30
E00997,2021-06-08,F,Full-time,
E00998,2022-11-19,F,Part-time,2025-01-31
E00999,2023-08-30,F,Full-time,
E01000,2022-10-18,F,Full-time,
E01001,2018-03-29,M,Full-time,
E01002,2023-07-17,F,Full-time,
E01003,2022-08-07,M,Full-time,2025-06-30
E01004,2022-10-07,F,Full-time,2025-02-28
E01005,2023-04-16,F,Full-time,2025-01-31
E01006,2024-02-29,F,Full-time,
E01007,2016-08-12,N,Full-time,
E01008,2023-02-23,F,Full-time,
E01009,2018-09-02,F,Full-time,
E01010,2023-05-04,M,Full-time,
E01011,2022-07-20,F,Full-time,2024-12-31
E01012,2022-11-03,M,Full-time,
E01013,2023-02-25,M,Full-time,
E01014,2020-04-25,F,Full-time,2025-04-30
E01015,2022-05-10,M,Full-time,
E01016,2023-02-04,F,Full-time,
E01017,2022-08-05,M,Full-time,
E01018,2023-05-30,M,Full-time,2025-01-31
E01019,2022-01-10,M,Full-time,
E01020,2022-12-29,F,Full-time,
E01021,2021-01-27,F,Full-time,2026-06-30
E01022,2020-05-24,M,Part-time,
E01023,2022-10-05,F,Full-time,
E01024,2023-09-04,F,Full-time,2026-04-30
E01025,2023-02-02,M,Full-time,
E01026,2019-10-24,M,Full-time,2025-02-28
E01027,2022-11-19,F,Full-time,
E01028,2019-09-19,F,Full-time,2025-06-30
E01029,2016-02-23,M,Full-time,
E01030,2020-11-14,F,Full-time,2025-11-30
E01031,2022-04-20,M,Full-time,
E01032,2021-05-30,F,Full-time,
E01033,2019-07-03,M,Full-time,
E01034,2024-02-06,F,Full-time,
E01035,2023-04-30,M,Full-time,
E01036,2017-07-05,F,Full-time,2024-10-31
E01037,2023-01-21,F,Full-time,
E01038,2023-03-09,F,Full-time,
E01039,2014-08-16,M,Full-time,2024-09-30
E01040,2021-10-10,M,Full-time,2026-03-31
E01041,2024-01-11,M,Full-time,
E01042,2022-06-20,M,Full-time,2026-06-30
E01043,2020-10-21,M,Full-time,
E01044,2021-01-09,F,Full-time,
E01045,2023-02-03,M,Full-time,2025-06-30
E01046,2023-10-10,F,Full-time,2025-05-31
E01047,2019-07-13,M,Full-time,
E01048,2023-05-27,F,Full-time,2025-01-31
E01049,2023-06-25,F,Full-time,2025-01-31
E01050,2018-06-05,F,Full-time,
E01051,2022-11-24,M,Full-time,
E01052,2022-03-10,M,Full-time,
E01053,2019-04-09,F,Full-time,
E01054,2022-11-20,F,Full-time,
E01055,2012-03-01,F,Full-time,
E01056,2023-07-24,F,Part-time,
E01057,2017-05-19,F,Full-time,
E01058,2024-01-19,M,Full-time,
E01059,2023-05-12,M,Full-time,
E01060,2023-07-15,F,Full-time,2025-02-28
E01061,2022-11-21,F,Full-time,
E01062,2018-08-03,F,Full-time,
E01063,2023-09-18,M,Full-time,2025-09-30
E01064,2023-11-04,F,Full-time,
E01065,2018-06-15,M,Full-time,
E01066,2020-10-06,F,Full-time,2025-02-28
E01067,2023-08-26,M,Full-time,
E01068,2020-06-03,F,Full-time,
E01069,2021-04-28,F,Full-time,
E01070,2023-06-27,M,Full-time,
E01071,2022-06-14,F,Full-time,2026-01-31
E01072,2020-05-04,M,Full-time,
E01073,2022-12-25,M,Full-time,
E01074,2017-11-04,F,Full-time,
E01075,2022-08-07,F,Full-time,
E01076,2022-11-06,M,Full-time,2026-04-30
E01077,2022-08-02,M,Full-time,2025-09-30
E01078,2021-03-31,F,Full-time,2024-10-31
E01079,2021-04-15,M,Full-time,
E01080,2022-09-05,M,Full-time,
E01081,2023-12-20,M,Full-time,
E01082,2020-08-04,F,Full-time,
E01083,2020-02-01,F,Full-time,2025-05-31
E01084,2024-09-12,F,Full-time,
E01085,2024-06-11,N,Full-time,2026-01-31
E01086,2022-11-04,F,Full-time,2025-06-30
E01087,2023-11-03,M,Full-time,
E01088,2017-10-23,M,Full-time,
E01089,2022-06-23,F,Full-time,
E01090,2020-12-01,M,Full-time,
E01091,2023-05-30,M,Full-time,
E01092,2022-06-05,F,Full-time,2024-09-30
E01093,2020-11-15,F,Full-time,
E01094,2023-09-21,M,Full-time,
E01095,2016-03-29,M,Full-time,
E01096,2019-02-26,M,Full-time,
E01097,2024-04-17,M,Full-time,
E01098,2011-06-06,M,Full-time,
E01099,2023-09-22,F,Full-time,
E01100,2023-02-03,M,Full-time,2026-05-31
E01101,2020-10-24,M,Full-time,
E01102,2023-12-19,F,Full-time,
E01103,2020-01-21,F,Full-time,2026-02-28
E01104,2022-01-12,M,Full-time,
E01105,2022-09-28,M,Full-time,
E01106,2017-12-03,M,Full-time,2025-08-31
E01107,2021-12-18,M,Full-time,
E01108,2023-11-01,F,Full-time,2025-10-31
E01109,2021-09-22,F,Full-time,
E01110,2023-09-09,M,Full-time,
E01111,2019-06-25,N,Full-time,
E01112,2023-10-23,M,Full-time,
E01113,2021-02-17,N,Full-time,2025-02-28
E01114,2019-10-02,M,Full-time,
E01115,2021-09-17,M,Full-time,
E01116,2014-05-13,F,Full-time,
E01117,2022-04-14,M,Full-time,
E01118,2023-10-25,F,Full-time,2025-10-31
E01119,2024-04-09,M,Full-time,
E01120,2020-04-08,M,Part-time,
E01121,2022-05-25,F,Full-time,
E01122,2022-09-17,M,Part-time,2025-08-31
E01123,2022-04-17,M,Full-time,
E01124,2022-10-18,M,Full-time,
E01125,2023-10-31,F,Full-time,
E01126,2021-04-25,M,Full-time,
E01127,2017-06-18,M,Full-time,
E01128,2024-01-09,M,Full-time,
E01129,2019-06-29,M,Full-time,
E01130,2021-09-10,F,Full-time,
E01131,2024-04-01,F,Full-time,
E01132,2022-12-25,F,Full-time,
E01133,2023-09-21,M,Full-time,2026-02-28
E01134,2018-03-17,F,Part-time,
E01135,2023-07-25,F,Full-time,
E01136,2023-07-15,F,Full-time,2026-06-30
E01137,2023-11-05,F,Full-time,2025-10-31
E01138,2021-11-30,M,Full-time,
E01139,2022-08-18,M,Full-time,2025-01-31
E01140,2015-04-29,F,Full-time,
E01141,2013-04-25,M,Full-time,
E01142,2024-03-17,F,Full-time,
E01143,2020-06-14,M,Full-time,2026-02-28
E01144,2022-04-19,F,Full-time,2025-02-28
E01145,2023-03-13,M,Full-time,
E01146,2020-12-05,M,Full-time,
E01147,2017-10-08,F,Full-time,
E01148,2022-08-13,F,Full-time,
E01149,2018-05-25,M,Full-time,
E01150,2017-02-11,M,Full-time,
E01151,2023-08-09,F,Full-time,
E01152,2021-06-22,F,Full-time,
E01153,2021-05-25,F,Full-time,2026-07-31
E01154,2022-07-01,M,Full-time,2026-03-31
E01155,2024-02-14,M,Full-time,2025-02-28
E01156,2021-09-01,M,Full-time,
E01157,2019-09-19,M,Full-time,
E01158,2024-01-26,M,Full-time,
E01159,2021-08-20,F,Full-time,
E01160,2021-03-01,M,Full-time,2026-02-28
E01161,2020-11-11,F,Full-time,
E01162,2021-03-22,M,Full-time,
E01163,2023-02-16,M,Full-time,
E01164,2021-03-24,M,Full-time,2026-01-31
E01165,2017-12-18,F,Full-time,
E01166,2022-11-30,M,Full-time,
E01167,2023-06-06,F,Full-time,
E01168,2023-11-25,F,Full-time,
E01169,2021-11-14,F,Full-time,2025-02-28
E01170,2021-12-17,F,Full-time,
E01171,2020-05-23,F,Full-time,
E01172,2021-11-26,M,Full-time,
E01173,2021-04-03,F,Full-time,
E01174,2022-08-14,M,Full-time,
E01175,2024-06-03,M,Full-time,2025-03-31
E01176,2023-03-02,F,Full-time,
E01177,2013-10-21,M,Full-time,
E01178,2024-08-02,M,Full-time,
E01179,2023-12-04,M,Full-time,
E01180,2022-04-12,F,Part-time,2024-11-30
E01181,2017-12-13,M,Full-time,2025-07-31
E01182,2022-08-21,F,Full-time,
E01183,2023-05-06,F,Full-time,
E01184,2022-09-10,F,Part-time,2024-12-31
E01185,2022-08-05,M,Part-time,
E01186,2015-07-25,F,Full-time,
E01187,2018-10-11,F,Full-time,
E01188,2019-10-01,F,Part-time,2026-02-28
E01189,2020-04-10,M,Full-time,
E01190,2022-06-18,N,Full-time,
E01191,2023-01-19,F,Full-time,
E01192,2022-06-14,F,Full-time,
E01193,2023-11-29,F,Full-time,2026-03-31
E01194,2023-10-11,M,Full-time,
E01195,2016-12-03,F,Full-time,2026-01-31
E01196,2022-08-31,F,Full-time,
E01197,2013-01-07,N,Full-time,
E01198,2023-09-15,F,Full-time,2026-02-28
E01199,2021-12-23,F,Full-time,
E01200,2016-09-08,F,Full-time,
E01201,2022-02-18,F,Full-time,
E01202,2014-09-17,M,Full-time,2026-03-31
E01203,2023-06-04,M,Part-time,
E01204,2019-04-16,M,Full-time,
E01205,2020-08-17,F,Full-time,
E01206,2020-05-03,M,Full-time,
E01207,2022-10-24,F,Full-time,
E01208,2020-08-30,M,Full-time,
E01209,2024-03-01,F,Full-time,
E01210,2023-04-04,M,Full-time,
E01211,2020-12-20,M,Full-time,2026-08-31
E01212,2019-11-24,F,Full-time,
E01213,2022-08-20,M,Part-time,2024-09-30
E01214,2014-01-25,F,Full-time,
E01215,2022-01-22,F,Full-time,
E01216,2019-02-06,F,Full-time,
E01217,2021-06-10,N,Part-time,
E01218,2022-10-11,F,Full-time,
E01219,2021-10-27,F,Full-time,
E01220,2016-03-26,M,Full-time,
E01221,2023-07-07,M,Full-time,
E01222,2021-12-30,F,Full-time,
E01223,2020-12-13,F,Full-time,2025-04-30
E01224,2021-02-10,F,Part-time,
E01225,2024-04-15,M,Part-time,
E01226,2024-03-02,M,Full-time,2025-02-28
E01227,2018-11-14,F,Full-time,
E01228,2015-09-30,M,Full-time,
E01229,2020-04-04,M,Full-time,2025-03-31
E01230,2023-02-26,M,Full-time,2025-01-31
E01231,2021-02-22,F,Full-time,
E01232,2022-08-07,F,Full-time,
E01233,2017-01-03,F,Full-time,
E01234,2021-01-24,M,Part-time,
E01235,2022-07-14,F,Full-time,2025-03-31
E01236,2023-10-07,M,Full-time,
E01237,2022-04-23,M,Full-time,
E01238,2020-01-05,F,Full-time,2025-01-31
E01239,2023-08-02,M,Full-time,
E01240,2021-05-28,F,Full-time,
E01241,2022-09-14,M,Full-time,
E01242,2023-12-29,F,Full-time,
E01243,2018-05-06,M,Part-time,
E01244,2018-05-29,M,Full-time,
E01245,2022-06-11,M,Full-time,
E01246,2023-10-02,M,Full-time,
E01247,2019-01-14,F,Full-time,
E01248,2019-10-29,F,Full-time,2026-07-31
E01249,2022-03-31,F,Full-time,
E01250,2023-05-18,M,Full-time,
E01251,2019-07-27,M,Full-time,2024-11-30
E01252,2021-11-02,M,Full-time,
E01253,2024-04-13,F,Full-time,
E01254,2022-01-09,F,Full-time,
E01255,2021-09-27,F,Full-time,2025-09-30
E01256,2023-10-28,M,Full-time,
E01257,2021-12-15,M,Full-time,2026-02-28
E01258,2022-10-15,F,Full-time,2025-04-30
E01259,2020-03-17,M,Full-time,
E01260,2020-06-16,M,Part-time,
E01261,2024-04-04,M,Full-time,
E01262,2010-09-17,F,Full-time,
E01263,2023-09-14,M,Part-time,2025-03-31
E01264,2020-07-09,M,Full-time,
E01265,2019-05-31,M,Full-time,
E01266,2020-12-26,M,Full-time,2025-07-31
E01267,2023-03-14,M,Full-time,
E01268,2022-06-03,F,Full-time,2024-09-30
E01269,2020-11-01,M,Full-time,2025-12-31
E01270,2022-06-07,F,Full-time,
E01271,2021-11-17,M,Full-time,
E01272,2019-07-27,F,Full-time,2025-05-31
E01273,2021-08-13,M,Full-time,
E01274,2022-02-19,M,Full-time,
E01275,2023-05-17,M,Full-time,
E01276,2011-10-26,F,Full-time,2025-05-31
E01277,2022-03-05,F,Full-time,2026-03-31
E01278,2022-08-11,M,Part-time,2025-09-30
E01279,2021-07-27,M,Full-time,
E01280,2024-04-11,M,Full-time,
E01281,2023-04-08,F,Full-time,
E01282,2024-03-25,M,Full-time,
E01283,2024-04-03,F,Part-time,
E01284,2023-08-14,M,Full-time,
E01285,2021-12-18,F,Full-time,
E01286,2023-11-27,M,Full-time,
E01287,2022-09-21,M,Full-time,
E01288,2021-08-06,M,Full-time,2025-12-31
E01289,2024-02-05,F,Full-time,2024-09-30
E01290,2018-05-08,M,Part-time,
E01291,2021-03-20,M,Full-time,2025-04-30
E01292,2018-11-10,F,Full-time,2025-01-31
E01293,2016-03-28,M,Full-time,
E01294,2019-10-13,M,Full-time,
E01295,2023-07-11,M,Full-time,2025-10-31
E01296,2021-01-06,F,Full-time,
E01297,2023-01-31,F,Full-time,
E01298,2022-08-08,F,Full-time,
E01299,2019-12-01,F,Full-time,
E01300,2021-05-12,M,Full-time,
E01301,2023-02-22,F,Full-time,2024-12-31
E01302,2021-10-31,F,Full-time,
E01303,2021-11-20,M,Full-time,2026-05-31
E01304,2023-03-02,M,Full-time,
E01305,2024-06-14,M,Full-time,2025-02-28
E01306,2021-07-22,F,Full-time,
E01307,2015-09-25,M,Full-time,
E01308,2023-12-15,F,Full-time,
E01309,2021-12-24,M,Full-time,
E01310,2020-11-11,F,Full-time,
E01311,2018-01-22,M,Full-time,
E01312,2023-10-04,M,Full-time,
E01313,2018-10-11,F,Full-time,
E01314,2019-11-21,F,Full-time,
E01315,2014-06-27,F,Full-time,2025-09-30
E01316,2019-06-04,M,Full-time,
E01317,2022-08-11,M,Part-time,
E01318,2020-05-22,M,Full-time,
E01319,2020-08-27,F,Full-time,
E01320,2021-12-21,M,Full-time,
E01321,2020-04-10,M,Full-time,
E01322,2023-04-20,F,Full-time,
E01323,2020-03-11,F,Full-time,2024-11-30
E01324,2016-12-08,N,Full-time,
E01325,2020-02-28,M,Full-time,
E01326,2023-08-14,M,Full-time,
E01327,2022-03-24,F,Full-time,
E01328,2023-10-11,M,Full-time,
E01329,2023-05-14,F,Full-time,
E01330,2022-02-21,F,Full-time,
E01331,2023-10-12,M,Full-time,2025-11-30
E01332,2021-04-26,M,Full-time,
E01333,2015-09-10,M,Full-time,2024-12-31
E01334,2017-06-06,F,Full-time,
E01335,2017-05-18,M,Full-time,2025-06-30
E01336,2017-10-06,M,Full-time,
E01337,2016-09-07,M,Full-time,2026-03-31
E01338,2019-09-27,M,Full-time,
E01339,2016-04-20,F,Full-time,
E01340,2020-02-10,M,Full-time,
E01341,2023-11-06,M,Full-time,
E01342,2022-04-03,M,Full-time,
E01343,2023-08-04,M,Full-time,2026-02-28
E01344,2022-06-30,M,Full-time,
E01345,2020-08-13,M,Part-time,
E01346,2019-09-07,M,Full-time,
E01347,2020-12-29,M,Full-time,2025-07-31
E01348,2020-10-20,M,Full-time,2026-02-28
E01349,2022-02-07,F,Full-time,
E01350,2021-12-05,M,Full-time,
E01351,2023-06-03,F,Full-time,2025-11-30
E01352,2022-06-17,M,Full-time,2026-02-28
E01353,2021-01-01,F,Full-time,2026-05-31
E01354,2020-06-01,M,Full-time,
E01355,2019-10-01,M,Full-time,2025-03-31
E01356,2022-05-13,M,Full-time,
E01357,2024-01-11,F,Full-time,2024-12-31
E01358,2021-01-06,M,Full-time,
E01359,2022-02-26,F,Full-time,2024-09-30
E01360,2023-09-09,M,Part-time,2024-11-30
E01361,2022-04-13,F,Full-time,
E01362,2023-06-02,F,Full-time,
E01363,2016-05-01,M,Full-time,
E01364,2019-08-23,M,Full-time,2026-06-30
E01365,2019-05-21,F,Part-time,2025-02-28
E01366,2019-11-18,M,Full-time,2025-08-31
E01367,2021-04-02,F,Full-time,
E01368,2017-04-20,M,Full-time,2026-06-30
E01369,2015-06-03,F,Full-time,
E01370,2020-12-30,F,Full-time,
E01371,2023-12-03,F,Full-time,
E01372,2021-03-17,F,Full-time,2025-04-30
E01373,2022-08-24,F,Full-time,2026-01-31
E01374,2022-06-04,F,Full-time,
E01375,2019-11-07,F,Part-time,
E01376,2021-09-15,M,Full-time,
E01377,2022-08-12,F,Full-time,
E01378,2017-09-09,F,Full-time,2025-07-31
E01379,2021-10-29,F,Part-time,
E01380,2018-09-13,F,Full-time,
E01381,2024-02-01,M,Full-time,
E01382,2022-09-25,F,Full-time,2026-01-31
E01383,2020-05-22,F,Part-time,
E01384,2021-09-08,M,Full-time,
E01385,2020-07-16,M,Full-time,
E01386,2022-11-05,F,Full-time,
E01387,2023-08-07,M,Full-time,
E01388,2019-11-24,F,Full-time,
E01389,2021-04-22,M,Full-time,2026-04-30
E01390,2018-11-11,M,Full-time,
E01391,2020-03-07,F,Full-time,
E01392,2019-10-16,M,Full-time,
E01393,2022-09-30,M,Full-time,2026-01-31
E01394,2017-09-11,F,Full-time,2025-08-31
E01395,2019-01-20,F,Full-time,
E01396,2023-07-22,M,Full-time,
E01397,2022-11-25,F,Part-time,
E01398,2024-05-16,M,Full-time,2026-02-28
E01399,2023-01-12,M,Part-time,
E01400,2009-08-22,M,Full-time,
E01401,2022-02-28,F,Part-time,
E01402,2020-08-21,F,Full-time,2025-03-31
E01403,2017-01-21,F,Full-time,2025-07-31
E01404,2019-12-22,F,Full-time,
E01405,2023-02-19,F,Full-time,
E01406,2013-07-13,M,Full-time,
E01407,2020-03-07,M,Full-time,2025-06-30
E01408,2024-05-30,F,Full-time,
E01409,2013-12-05,F,Full-time,
E01410,2020-08-22,M,Full-time,
E01411,2022-04-04,F,Part-time,2025-03-31
E01412,2022-02-21,M,Full-time,
E01413,2019-03-21,M,Full-time,
E01414,2021-02-19,M,Full-time,
E01415,2022-11-02,N,Full-time,2026-01-31
E01416,2020-12-22,M,Full-time,2026-02-28
E01417,2023-10-11,F,Full-time,
E01418,2018-03-08,F,Full-time,
E01419,2024-04-06,M,Full-time,
E01420,2022-07-06,F,Full-time,
E01421,2021-04-14,M,Full-time,
E01422,2016-11-19,M,Full-time,
E01423,2018-04-08,F,Full-time,
E01424,2021-03-05,F,Full-time,
E01425,2023-08-13,M,Full-time,
E01426,2022-01-22,M,Full-time,
E01427,2020-02-28,M,Full-time,2025-05-31
E01428,2022-10-03,M,Full-time,
E01429,2023-06-01,F,Full-time,
E01430,2021-05-07,M,Full-time,
E01431,2021-12-23,F,Full-time,
E01432,2023-10-09,F,Full-time,
E01433,2020-08-15,F,Full-time,
E01434,2021-10-21,M,Full-time,
E01435,2021-03-11,M,Full-time,
E01436,2021-02-26,F,Full-time,2025-04-30
E01437,2018-11-24,F,Full-time,
E01438,2019-07-06,M,Full-time,
E01439,2021-08-13,M,Full-time,
E01440,2022-02-26,F,Full-time,
E01441,2022-03-20,M,Full-time,
E01442,2021-07-03,F,Full-time,
E01443,2020-08-05,F,Full-time,
E01444,2024-02-01,F,Full-time,2025-03-31
E01445,2023-09-16,M,Full-time,
E01446,2016-10-31,F,Full-time,
E01447,2019-08-24,F,Full-time,
E01448,2023-03-17,F,Full-time,
E01449,2023-05-09,M,Full-time,
E01450,2023-05-19,M,Full-time,
E01451,2021-04-15,F,Full-time,
E01452,2021-08-17,M,Full-time,
E01453,2020-07-10,F,Full-time,
E01454,2022-09-30,F,Full-time,
E01455,2015-10-03,M,Full-time,
E01456,2009-04-21,M,Full-time,
E01457,2023-10-20,F,Part-time,
E01458,2016-11-15,M,Full-time,
E01459,2022-12-22,M,Full-time,
E01460,2022-05-24,F,Full-time,
E01461,2022-04-23,M,Full-time,2025-10-31
E01462,2018-07-06,F,Full-time,
E01463,2021-07-29,F,Part-time,
E01464,2020-01-13,F,Full-time,
E01465,2020-03-13,M,Full-time,
E01466,2021-03-26,F,Full-time,
E01467,2021-07-14,M,Full-time,
E01468,2017-02-22,F,Full-time,
E01469,2022-03-12,F,Full-time,
E01470,2021-06-08,M,Full-time,
E01471,2023-06-11,M,Full-time,
E01472,2021-08-28,M,Full-time,2025-05-31
E01473,2022-11-20,F,Full-time,
E01474,2021-09-22,M,Part-time,
E01475,2018-12-13,M,Full-time,2024-12-31
E01476,2022-08-08,M,Full-time,2026-07-31
E01477,2020-02-15,M,Full-time,
E01478,2022-03-13,M,Full-time,
E01479,2017-08-26,M,Full-time,
E01480,2019-06-15,M,Full-time,2024-09-30
E01481,2018-08-16,M,Full-time,2025-08-31
E01482,2021-12-09,M,Full-time,
E01483,2021-11-25,M,Full-time,2025-03-31
E01484,2019-10-06,F,Full-time,
E01485,2016-10-22,F,Full-time,
E01486,2015-11-27,F,Full-time,
E01487,2021-10-21,M,Full-time,
E01488,2021-04-13,M,Full-time,
E01489,2019-07-21,F,Full-time,
E01490,2020-08-08,M,Part-time,
E01491,2021-08-25,F,Full-time,
E01492,2020-07-25,F,Full-time,2025-03-31
E01493,2023-08-04,F,Full-time,
E01494,2024-02-16,M,Full-time,
E01495,2022-11-06,F,Full-time,
E01496,2023-03-17,N,Full-time,2025-12-31
E01497,2020-01-14,M,Full-time,
E01498,2022-07-23,F,Full-time,
E01499,2022-05-22,F,Full-time,2025-06-30
E01500,2022-11-24,F,Full-time,
E01501,2022-12-29,F,Full-time,2025-08-31
E01502,2024-03-19,M,Full-time,
E01503,2024-06-27,M,Full-time,2026-06-30
E01504,2021-11-13,F,Full-time,2024-11-30
E01505,2017-07-19,M,Full-time,
E01506,2021-11-22,M,Full-time,
E01507,2018-02-03,M,Full-time,
E01508,2023-10-29,M,Full-time,2025-08-31
E01509,2023-10-23,F,Full-time,
E01510,2024-09-11,M,Full-time,
E01511,2015-11-23,F,Full-time,
E01512,2023-02-23,M,Full-time,
E01513,2022-06-12,M,Full-time,2025-11-30
E01514,2021-02-16,M,Full-time,
E01515,2023-04-19,F,Full-time,2024-10-31
E01516,2020-02-09,F,Full-time,2024-09-30
E01517,2020-05-08,F,Full-time,2025-12-31
E01518,2010-06-26,F,Full-time,
E01519,2021-07-20,F,Full-time,
E01520,2020-08-07,M,Full-time,2025-06-30
E01521,2021-03-17,F,Full-time,
E01522,2022-08-13,M,Full-time,
E01523,2017-09-18,F,Full-time,
E01524,2021-07-18,M,Full-time,2026-03-31
E01525,2016-03-24,F,Full-time,
E01526,2022-03-19,F,Full-time,
E01527,2014-10-09,M,Part-time,
E01528,2021-03-03,F,Full-time,2025-06-30
E01529,2023-03-28,M,Full-time,
E01530,2017-12-16,F,Full-time,
E01531,2020-01-14,F,Full-time,2025-07-31
E01532,2022-04-12,N,Full-time,2024-10-31
E01533,2021-10-09,F,Full-time,
E01534,2024-08-23,M,Full-time,2024-10-31
E01535,2024-05-07,F,Full-time,
E01536,2023-02-02,M,Full-time,
E01537,2018-07-13,F,Full-time,
E01538,2017-02-16,M,Full-time,
E01539,2023-03-06,F,Full-time,
E01540,2017-12-27,M,Part-time,
E01541,2021-01-02,F,Full-time,
E01542,2018-06-14,M,Part-time,
E01543,2022-10-26,F,Full-time,
E01544,2021-07-15,M,Full-time,2024-12-31
E01545,2020-02-20,F,Part-time,
E01546,2021-12-26,M,Full-time,
E01547,2016-11-13,F,Full-time,2025-02-28
E01548,2018-03-01,M,Full-time,2024-10-31
E01549,2014-12-29,M,Full-time,
E01550,2024-03-13,M,Full-time,
E01551,2022-04-06,F,Full-time,
E01552,2017-08-19,F,Full-time,
E01553,2022-08-08,F,Full-time,
E01554,2021-07-22,F,Full-time,
E01555,2017-12-18,M,Full-time,
E01556,2018-01-08,M,Full-time,
E01557,2017-04-30,M,Full-time,
E01558,2023-05-06,F,Full-time,
E01559,2023-04-21,F,Full-time,2024-10-31
E01560,2022-07-09,M,Full-time,
E01561,2024-09-12,F,Full-time,
E01562,2024-06-09,F,Full-time,
E01563,2023-09-04,M,Full-time,2025-03-31
E01564,2023-07-04,M,Full-time,
E01565,2023-12-26,F,Full-time,
E01566,2022-09-21,M,Full-time,
E01567,2013-10-10,F,Full-time,
E01568,2014-07-28,M,Full-time,2026-04-30
E01569,2021-12-24,F,Full-time,
E01570,2017-10-10,M,Full-time,
E01571,2019-08-30,M,Full-time,2025-02-28
E01572,2021-12-19,F,Full-time,
E01573,2019-12-01,F,Full-time,2025-08-31
E01574,2021-05-13,M,Full-time,
E01575,2018-05-30,M,Full-time,
E01576,2022-11-15,F,Full-time,2026-04-30
E01577,2020-10-24,N,Full-time,
E01578,2013-02-17,M,Full-time,2026-07-31
E01579,2019-04-09,F,Full-time,
E01580,2024-06-10,M,Full-time,
E01581,2022-12-11,M,Full-time,
E01582,2023-05-05,F,Full-time,
E01583,2021-01-12,M,Full-time,2024-11-30
E01584,2021-09-25,M,Full-time,2024-10-31
E01585,2023-04-29,M,Full-time,2024-12-31
E01586,2021-08-05,F,Full-time,
E01587,2021-02-26,M,Full-time,2025-09-30
E01588,2023-10-07,M,Full-time,
E01589,2017-10-03,M,Full-time,
E01590,2023-03-31,M,Full-time,
E01591,2018-06-03,F,Full-time,
E01592,2021-09-07,M,Full-time,
E01593,2022-09-05,F,Full-time,
E01594,2020-09-27,M,Full-time,
E01595,2024-02-04,F,Full-time,
E01596,2021-04-15,F,Full-time,
E01597,2019-02-09,M,Full-time,
E01598,2019-01-24,F,Full-time,
E01599,2019-06-12,M,Full-time,
E01600,2019-02-28,F,Full-time,
E01601,2021-05-04,F,Full-time,
E01602,2024-06-24,M,Full-time,2025-11-30
E01603,2023-02-27,M,Full-time,
E01604,2021-11-16,M,Full-time,
E01605,2022-06-27,F,Full-time,
E01606,2022-07-02,F,Full-time,
E01607,2024-05-11,F,Full-time,
E01608,2019-05-15,M,Full-time,2025-01-31
E01609,2024-05-25,F,Full-time,
E01610,2020-10-01,M,Full-time,
E01611,2019-04-15,M,Full-time,
E01612,2017-07-09,F,Full-time,
E01613,2023-08-24,M,Full-time,2026-08-31
E01614,2022-08-04,F,Full-time,
E01615,2024-04-07,F,Full-time,
E01616,2016-09-26,F,Full-time,
E01617,2023-08-07,M,Full-time,
E01618,2015-07-15,M,Full-time,
E01619,2020-07-26,M,Full-time,2026-05-31
E01620,2019-02-10,F,Part-time,
E01621,2013-04-03,F,Full-time,2025-08-31
E01622,2024-05-11,F,Full-time,
E01623,2019-02-20,F,Full-time,
E01624,2022-03-22,F,Full-time,
E01625,2024-02-19,M,Full-time,
E01626,2023-10-13,F,Full-time,2025-11-30
E01627,2018-01-14,F,Full-time,
E01628,2019-09-04,F,Full-time,
E01629,2021-10-30,M,Full-time,
E01630,2024-03-29,M,Full-time,
E01631,2018-01-06,F,Full-time,
E01632,2023-01-28,F,Full-time,
E01633,2019-11-17,F,Full-time,
E01634,2022-10-15,M,Full-time,
E01635,2023-03-20,M,Full-time,
E01636,2017-12-15,F,Full-time,
E01637,2021-09-18,M,Full-time,
E01638,2022-10-08,M,Full-time,2025-07-31
E01639,2022-11-18,F,Full-time,
E01640,2022-03-23,F,Full-time,
E01641,2022-07-02,F,Full-time,2024-09-30
E01642,2022-09-02,F,Full-time,
E01643,2022-05-09,M,Full-time,
E01644,2023-02-20,M,Full-time,
E01645,2023-05-17,F,Full-time,2025-03-31
E01646,2017-01-17,M,Full-time,
E01647,2023-09-18,M,Full-time,
E01648,2023-06-28,N,Full-time,
E01649,2016-01-03,M,Full-time,
E01650,2023-07-21,M,Full-time,
E01651,2024-01-04,F,Full-time,
E01652,2022-08-25,M,Full-time,
E01653,2017-07-07,M,Full-time,
E01654,2020-12-08,M,Full-time,2026-07-31
E01655,2020-04-05,M,Full-time,
E01656,2021-06-30,M,Part-time,
E01657,2017-04-01,F,Full-time,
E01658,2020-04-21,M,Full-time,
E01659,2021-01-27,F,Full-time,
E01660,2024-01-12,F,Full-time,
E01661,2024-04-07,F,Full-time,
E01662,2020-11-03,F,Full-time,
E01663,2022-08-17,M,Full-time,2026-02-28
E01664,2021-04-16,F,Full-time,
E01665,2022-10-06,F,Full-time,2025-05-31
E01666,2021-03-16,F,Full-time,
E01667,2023-01-23,M,Full-time,
E01668,2023-08-05,M,Full-time,
E01669,2023-06-01,M,Full-time,
E01670,2020-09-12,F,Full-time,
E01671,2023-02-21,F,Full-time,
E01672,2023-04-16,F,Full-time,2026-03-31
E01673,2020-11-16,F,Full-time,
E01674,2019-02-05,F,Full-time,
E01675,2020-11-12,M,Full-time,
E01676,2014-07-16,M,Full-time,2025-02-28
E01677,2022-09-19,F,Full-time,
E01678,2016-04-07,F,Full-time,
E01679,2023-05-21,M,Full-time,2024-10-31
E01680,2022-04-22,F,Full-time,2025-05-31
E01681,2023-03-20,M,Full-time,
E01682,2020-04-01,F,Full-time,
E01683,2023-08-19,M,Full-time,
E01684,2022-05-31,F,Full-time,
E01685,2021-10-21,F,Part-time,
E01686,2018-10-13,M,Full-time,
E01687,2021-10-02,M,Full-time,2025-03-31
E01688,2022-09-02,M,Part-time,
E01689,2022-07-10,F,Full-time,2025-10-31
E01690,2022-01-26,M,Full-time,
E01691,2021-06-28,F,Full-time,
E01692,2024-02-13,M,Full-time,
E01693,2019-01-11,M,Full-time,
E01694,2021-04-04,M,Full-time,
E01695,2020-03-13,M,Full-time,2024-10-31
E01696,2022-02-01,M,Full-time,
E01697,2021-01-25,M,Full-time,2026-07-31
E01698,2020-08-06,M,Full-time,
E01699,2024-05-07,M,Full-time,2025-06-30
E01700,2022-04-26,M,Full-time,
E01701,2018-03-12,M,Full-time,2024-11-30
E01702,2023-11-04,M,Part-time,
E01703,2020-08-08,F,Full-time,2026-05-31
E01704,2019-11-13,F,Full-time,2024-10-31
E01705,2023-07-04,F,Full-time,
E01706,2022-07-10,F,Full-time,2025-05-31
E01707,2010-03-10,F,Part-time,
E01708,2019-06-27,M,Full-time,
E01709,2023-03-01,M,Part-time,2026-03-31
E01710,2023-01-12,F,Full-time,2025-08-31
E01711,2024-07-16,F,Full-time,
E01712,2019-04-22,F,Full-time,
E01713,2022-02-16,N,Full-time,
E01714,2022-07-17,F,Full-time,
E01715,2021-07-13,F,Full-time,
E01716,2024-08-23,M,Full-time,2025-01-31
E01717,2021-07-28,F,Full-time,
E01718,2022-07-01,F,Full-time,
E01719,2018-02-07,F,Full-time,
E01720,2022-02-27,F,Full-time,2025-01-31
E01721,2022-04-14,M,Full-time,
E01722,2019-04-27,M,Full-time,
E01723,2021-11-17,F,Full-time,
E01724,2020-05-24,F,Full-time,2024-12-31
E01725,2023-05-05,M,Full-time,
E01726,2023-08-05,M,Full-time,2025-10-31
E01727,2021-11-15,F,Full-time,
E01728,2023-01-28,M,Full-time,
E01729,2023-05-15,M,Full-time,
E01730,2022-09-10,F,Full-time,
E01731,2018-11-02,F,Full-time,
E01732,2018-01-27,M,Part-time,2024-09-30
E01733,2018-04-29,M,Full-time,
E01734,2024-03-24,M,Full-time,
E01735,2022-10-15,M,Full-time,
E01736,2023-12-22,M,Full-time,2024-12-31
E01737,2021-03-11,M,Full-time,2025-12-31
E01738,2022-02-09,M,Full-time,
E01739,2019-07-01,F,Full-time,
E01740,2021-08-14,M,Full-time,
E01741,2022-11-10,F,Full-time,2024-12-31
E01742,2021-07-17,F,Full-time,
E01743,2023-06-08,M,Full-time,2026-08-31
E01744,2023-10-16,M,Full-time,
E01745,2021-07-08,F,Full-time,2026-08-31
E01746,2018-12-18,M,Full-time,
E01747,2021-04-03,M,Full-time,
E01748,2020-06-29,F,Full-time,
E01749,2022-01-26,M,Full-time,
E01750,2022-09-12,M,Full-time,2025-03-31
E01751,2019-04-16,F,Full-time,
E01752,2023-10-21,M,Full-time,
E01753,2022-07-26,F,Full-time,
E01754,2020-12-07,M,Full-time,
E01755,2019-03-17,M,Full-time,
E01756,2021-05-30,F,Full-time,
E01757,2022-11-29,F,Full-time,
E01758,2013-09-18,M,Full-time,2024-09-30
E01759,2017-05-27,M,Full-time,2026-02-28
E01760,2018-09-03,F,Full-time,
E01761,2024-04-14,M,Full-time,
E01762,2023-10-31,M,Full-time,
E01763,2023-08-08,F,Full-time,
E01764,2023-07-14,N,Full-time,
E01765,2022-07-21,M,Part-time,2025-08-31
E01766,2021-04-06,M,Full-time,
E01767,2018-02-16,F,Full-time,2026-08-31
E01768,2019-07-27,M,Part-time,2026-08-31
E01769,2024-04-11,M,Full-time,
E01770,2020-01-05,F,Full-time,
E01771,2016-07-19,F,Full-time,2026-03-31
E01772,2022-06-26,M,Full-time,2026-02-28
E01773,2021-10-27,F,Part-time,2024-09-30
E01774,2024-06-21,M,Full-time,
E01775,2023-09-01,M,Full-time,
E01776,2019-12-11,M,Full-time,
E01777,2021-05-25,M,Full-time,
E01778,2020-06-02,F,Part-time,2025-03-31
E01779,2023-08-12,F,Full-time,
E01780,2023-09-14,F,Full-time,
E01781,2021-05-21,F,Full-time,
E01782,2018-12-03,M,Part-time,
E01783,2014-02-09,M,Full-time,2026-08-31
E01784,2023-12-29,M,Full-time,2025-06-30
E01785,2022-12-28,F,Full-time,
E01786,2020-11-30,M,Full-time,2026-04-30
E01787,2019-04-30,M,Full-time,2025-10-31
E01788,2021-08-16,M,Full-time,2025-01-31
E01789,2017-02-27,F,Full-time,
E01790,2021-03-11,F,Full-time,
E01791,2018-06-01,F,Full-time,
E01792,2019-09-25,F,Full-time,
E01793,2023-12-07,M,Full-time,
E01794,2022-08-27,F,Full-time,2024-11-30
E01795,2023-06-10,M,Full-time,2026-01-31
E01796,2022-02-25,M,Full-time,
E01797,2021-12-20,M,Full-time,
E01798,2014-02-07,F,Full-time,
E01799,2018-06-21,F,Full-time,2025-01-31
E01800,2024-06-28,M,Full-time,
E01801,2024-03-26,F,Full-time,
E01802,2023-08-31,M,Full-time,2025-05-31
E01803,2023-06-29,M,Part-time,
E01804,2023-04-02,M,Full-time,2025-08-31
E01805,2021-09-22,M,Part-time,
E01806,2019-11-29,F,Full-time,
E01807,2018-11-22,F,Full-time,
E01808,2023-01-20,F,Full-time,
E01809,2021-10-16,M,Part-time,2025-01-31
E01810,2018-04-11,M,Full-time,
E01811,2020-08-21,M,Full-time,
E01812,2022-08-23,F,Full-time,
E01813,2020-08-27,F,Full-time,
E01814,2020-10-14,F,Full-time,
E01815,2021-03-05,F,Full-time,
E01816,2024-05-04,F,Full-time,
E01817,2018-07-21,M,Full-time,
E01818,2022-03-19,M,Full-time,
E01819,2019-07-31,M,Full-time,
E01820,2023-02-20,M,Full-time,
E01821,2024-05-22,F,Full-time,2025-07-31
E01822,2023-07-22,M,Full-time,
E01823,2021-01-11,F,Full-time,
E01824,2019-06-16,M,Full-time,
E01825,2023-03-17,M,Full-time,2025-02-28
E01826,2021-05-28,F,Full-time,
E01827,2017-09-30,M,Full-time,
E01828,2019-11-12,F,Full-time,
E01829,2018-08-12,F,Full-time,2025-10-31
E01830,2023-02-10,M,Full-time,2025-11-30
E01831,2022-09-12,F,Full-time,
E01832,2022-02-19,F,Full-time,
E01833,2021-05-23,N,Full-time,
E01834,2019-12-29,F,Full-time,
E01835,2022-07-18,M,Full-time,
E01836,2019-09-21,M,Full-time,
E01837,2023-03-14,F,Full-time,2026-07-31
E01838,2017-12-05,M,Full-time,
E01839,2021-06-19,F,Full-time,
E01840,2022-03-31,M,Full-time,
E01841,2023-05-14,M,Full-time,
E01842,2019-03-05,M,Full-time,
E01843,2021-12-25,M,Full-time,2025-10-31
E01844,2023-02-09,M,Part-time,
E01845,2023-07-04,M,Full-time,
E01846,2019-11-12,M,Full-time,
E01847,2024-02-03,F,Full-time,
E01848,2020-11-25,M,Full-time,
E01849,2022-02-19,M,Full-time,
E01850,2020-02-27,M,Part-time,
E01851,2010-05-13,F,Full-time,
E01852,2023-07-30,F,Full-time,
E01853,2023-08-27,M,Full-time,2025-04-30
E01854,2014-08-02,M,Full-time,2024-09-30
E01855,2022-10-06,M,Full-time,
E01856,2019-05-25,M,Full-time,
E01857,2018-06-29,F,Full-time,
E01858,2016-11-20,M,Full-time,
E01859,2019-05-04,F,Full-time,
E01860,2019-02-18,F,Full-time,
E01861,2021-08-17,M,Full-time,
E01862,2023-05-03,F,Full-time,
E01863,2022-05-06,F,Full-time,
E01864,2018-12-22,F,Full-time,2026-07-31
E01865,2019-09-08,F,Full-time,
E01866,2022-05-17,M,Part-time,
E01867,2023-08-10,M,Full-time,2025-07-31
E01868,2021-12-10,M,Full-time,2025-08-31
E01869,2021-02-22,M,Full-time,
E01870,2024-04-12,M,Full-time,
E01871,2023-02-20,M,Full-time,
E01872,2022-02-28,F,Full-time,
E01873,2024-04-19,F,Full-time,
E01874,2023-06-04,F,Full-time,2025-07-31
E01875,2020-12-22,F,Full-time,
E01876,2013-02-05,F,Full-time,
E01877,2020-09-04,M,Full-time,
E01878,2021-11-15,F,Full-time,
E01879,2023-03-21,F,Full-time,
E01880,2022-07-05,F,Full-time,2025-04-30
E01881,2019-12-04,M,Full-time,2024-09-30
E01882,2022-04-21,M,Full-time,
E01883,2022-09-20,F,Full-time,
E01884,2022-05-21,M,Full-time,
E01885,2018-10-04,F,Full-time,
E01886,2023-08-19,F,Full-time,
E01887,2023-08-30,M,Full-time,2026-07-31
E01888,2023-12-09,F,Full-time,
E01889,2019-07-28,M,Full-time,
E01890,2015-02-17,M,Full-time,
E01891,2021-07-06,F,Full-time,
E01892,2020-05-19,M,Full-time,
E01893,2024-02-13,F,Full-time,
E01894,2018-09-24,M,Full-time,2025-03-31
E01895,2023-05-15,M,Full-time,2026-04-30
E01896,2019-09-27,M,Full-time,
E01897,2023-06-24,F,Full-time,
E01898,2024-04-10,F,Full-time,2025-02-28
E01899,2021-05-14,F,Full-time,2025-08-31
E01900,2019-08-30,F,Full-time,
E01901,2024-03-03,N,Full-time,2025-01-31
E01902,2021-06-29,F,Full-time,
E01903,2016-11-12,F,Full-time,2026-05-31
E01904,2022-11-17,N,Full-time,
E01905,2021-01-31,M,Full-time,2025-06-30
E01906,2020-08-28,M,Full-time,
E01907,2023-01-04,M,Full-time,
E01908,2016-02-25,M,Full-time,
E01909,2020-04-26,F,Full-time,2025-03-31
E01910,2022-10-28,M,Part-time,
E01911,2023-06-14,F,Full-time,2025-06-30
E01912,2022-04-03,M,Full-time,2025-02-28
E01913,2023-02-02,M,Full-time,
E01914,2022-07-25,M,Full-time,
E01915,2018-01-29,M,Full-time,2026-07-31
E01916,2021-03-02,F,Full-time,
E01917,2021-05-05,M,Full-time,2025-01-31
E01918,2016-08-11,F,Part-time,
E01919,2018-12-27,F,Full-time,
E01920,2020-12-23,M,Part-time,2025-02-28
E01921,2016-03-29,F,Full-time,
E01922,2022-03-13,F,Full-time,
E01923,2015-01-03,F,Full-time,2026-04-30
E01924,2022-04-27,M,Full-time,
E01925,2019-12-20,F,Full-time,
E01926,2021-09-02,M,Full-time,
E01927,2022-03-29,M,Full-time,
E01928,2023-08-16,M,Full-time,2026-02-28
E01929,2023-12-26,F,Full-time,
E01930,2022-01-25,F,Full-time,2024-09-30
E01931,2022-11-21,N,Full-time,
E01932,2021-07-29,F,Full-time,2025-05-31
E01933,2022-08-16,F,Full-time,
E01934,2023-10-12,M,Full-time,
E01935,2021-10-03,M,Full-time,
E01936,2023-02-09,M,Full-time,
E01937,2023-11-06,F,Full-time,
E01938,2022-11-18,M,Full-time,2026-03-31
E01939,2018-02-13,M,Full-time,2025-08-31
E01940,2023-07-11,M,Full-time,
E01941,2024-01-28,F,Full-time,
E01942,2021-04-18,M,Full-time,2026-03-31
E01943,2023-08-07,M,Full-time,
E01944,2017-10-11,M,Full-time,
E01945,2024-06-27,M,Full-time,
E01946,2023-11-23,M,Full-time,
E01947,2023-10-03,F,Full-time,2025-01-31
E01948,2021-09-07,M,Full-time,2026-01-31
E01949,2021-02-03,M,Full-time,2024-12-31
E01950,2020-11-23,M,Full-time,
E01951,2021-08-20,F,Full-time,
E01952,2017-04-05,F,Full-time,2025-11-30
E01953,2023-04-29,F,Full-time,
E01954,2022-06-29,F,Full-time,
E01955,2022-03-09,F,Full-time,2025-09-30
E01956,2022-10-16,F,Full-time,2026-07-31
E01957,2023-11-26,F,Full-time,
E01958,2023-06-14,F,Full-time,2024-11-30
E01959,2023-10-25,F,Full-time,2025-07-31
E01960,2024-04-12,F,Full-time,
E01961,2020-10-11,M,Full-time,
E01962,2022-01-05,M,Full-time,
E01963,2024-03-27,M,Full-time,
E01964,2022-04-07,F,Full-time,2025-11-30
E01965,2023-08-29,F,Part-time,
E01966,2017-09-02,F,Full-time,2025-05-31
E01967,2021-07-19,F,Full-time,2025-05-31
E01968,2021-11-05,F,Full-time,
E01969,2020-05-02,M,Full-time,
E01970,2020-12-19,M,Full-time,
E01971,2019-12-20,M,Part-time,2025-11-30
E01972,2020-12-02,M,Full-time,
E01973,2018-11-28,M,Full-time,
E01974,2013-02-03,M,Full-time,
E01975,2020-12-21,M,Full-time,
E01976,2019-01-05,M,Full-time,2025-04-30
E01977,2017-12-15,M,Full-time,
E01978,2022-12-10,M,Full-time,2025-07-31
E01979,2019-04-09,F,Full-time,
E01980,2009-05-19,M,Full-time,2025-07-31
E01981,2024-04-26,M,Full-time,
E01982,2017-03-24,M,Full-time,
E01983,2017-04-25,F,Full-time,
E01984,2022-02-03,M,Full-time,
E01985,2019-11-02,F,Full-time,2025-10-31
E01986,2021-11-29,M,Full-time,
E01987,2020-02-27,F,Full-time,2025-01-31
E01988,2024-07-22,F,Full-time,
E01989,2018-11-16,F,Full-time,2026-03-31
E01990,2021-09-10,F,Full-time,
E01991,2019-09-09,M,Full-time,
E01992,2022-01-03,F,Full-time,2024-10-31
E01993,2019-12-13,M,Full-time,
E01994,2021-11-27,M,Full-time,
E01995,2020-09-20,M,Full-time,
E01996,2023-07-16,F,Full-time,2024-09-30
E01997,2019-10-04,F,Full-time,2024-09-30
E01998,2020-12-15,F,Part-time,
E01999,2016-12-24,M,Full-time,
E02000,2017-08-05,M,Full-time,2025-02-28
E02001,2021-06-21,F,Full-time,
E02002,2024-01-01,M,Full-time,2026-02-28
E02003,2020-09-20,F,Full-time,2024-11-30
E02004,2022-06-10,M,Full-time,
E02005,2021-02-14,F,Part-time,
E02006,2015-05-07,M,Part-time,
E02007,2022-11-12,F,Full-time,
E02008,2022-12-01,F,Full-time,
E02009,2023-10-06,M,Full-time,
E02010,2019-03-23,M,Full-time,
E02011,2015-06-01,M,Full-time,2025-02-28
E02012,2015-02-26,F,Full-time,
E02013,2021-10-29,F,Full-time,
E02014,2019-05-14,M,Full-time,2025-04-30
E02015,2020-03-29,M,Full-time,2025-01-31
E02016,2022-02-23,M,Full-time,
E02017,2015-12-24,M,Full-time,2026-02-28
E02018,2020-10-09,F,Full-time,
E02019,2020-04-10,M,Full-time,
E02020,2023-05-11,M,Full-time,
E02021,2021-03-25,M,Full-time,
E02022,2018-06-25,M,Full-time,
E02023,2023-01-21,F,Full-time,
E02024,2024-03-25,M,Full-time,
E02025,2023-06-08,F,Full-time,2024-12-31
E02026,2024-01-21,F,Full-time,
E02027,2024-02-02,M,Full-time,
E02028,2021-02-26,M,Full-time,2026-01-31
E02029,2023-03-12,F,Full-time,2025-09-30
E02030,2023-05-28,M,Full-time,
E02031,2022-04-23,N,Full-time,
E02032,2018-04-09,F,Part-time,
E02033,2022-06-21,M,Full-time,2025-05-31
E02034,2018-04-26,M,Full-time,2024-12-31
E02035,2016-11-21,M,Full-time,2026-05-31
E02036,2022-08-17,M,Full-time,
E02037,2018-04-19,M,Full-time,
E02038,2015-01-25,F,Full-time,
E02039,2022-05-06,F,Full-time,
E02040,2022-11-26,M,Full-time,2024-11-30
E02041,2018-08-19,F,Full-time,
E02042,2021-01-12,M,Full-time,
E02043,2024-04-08,F,Full-time,
E02044,2023-03-20,F,Full-time,
E02045,2020-05-09,F,Full-time,
E02046,2021-08-05,F,Full-time,2026-02-28
E02047,2024-05-06,M,Full-time,2025-03-31
E02048,2023-05-25,M,Full-time,2025-07-31
E02049,2022-07-15,F,Full-time,
E02050,2022-04-24,F,Full-time,
E02051,2013-12-20,F,Part-time,
E02052,2023-01-27,M,Full-time,
E02053,2022-03-01,F,Full-time,
E02054,2021-01-24,M,Full-time,
E02055,2023-04-03,F,Full-time,2026-04-30
E02056,2022-03-26,F,Full-time,2025-08-31
E02057,2023-02-04,M,Full-time,
E02058,2024-06-24,F,Full-time,
E02059,2017-07-07,M,Full-time,
E02060,2022-04-27,M,Full-time,
E02061,2020-12-24,M,Full-time,2025-10-31
E02062,2022-12-25,M,Full-time,
E02063,2020-08-05,M,Full-time,
E02064,2021-01-12,M,Full-time,
E02065,2022-03-10,F,Full-time,
E02066,2018-10-30,M,Full-time,
E02067,2020-04-29,M,Full-time,
E02068,2019-11-05,F,Full-time,
E02069,2020-12-03,F,Full-time,2026-01-31
E02070,2015-07-31,M,Full-time,
E02071,2021-10-03,N,Full-time,
E02072,2024-05-16,F,Full-time,
E02073,2023-10-27,M,Full-time,2025-07-31
E02074,2016-10-28,F,Part-time,
E02075,2016-01-03,M,Full-time,
E02076,2021-04-30,F,Full-time,2026-03-31
E02077,2022-10-12,F,Full-time,
E02078,2019-04-15,M,Full-time,
E02079,2021-09-18,F,Part-time,
E02080,2023-05-30,M,Full-time,2025-01-31
E02081,2021-07-06,M,Full-time,
E02082,2021-03-18,F,Full-time,
E02083,2014-09-11,F,Full-time,
E02084,2019-03-25,F,Full-time,
E02085,2015-09-04,M,Full-time,
E02086,2017-10-03,M,Full-time,
E02087,2022-07-25,M,Full-time,2024-10-31
E02088,2022-06-04,M,Full-time,2025-11-30
E02089,2022-09-29,M,Full-time,
E02090,2020-05-05,M,Full-time,
E02091,2014-08-31,F,Full-time,
E02092,2023-10-07,F,Full-time,
E02093,2020-02-15,F,Full-time,
E02094,2024-01-22,M,Full-time,2025-02-28
E02095,2022-07-26,F,Full-time,
E02096,2019-07-25,F,Full-time,
E02097,2020-03-10,M,Full-time,
E02098,2022-07-04,M,Full-time,
E02099,2020-09-10,F,Full-time,2025-12-31
E02100,2022-02-15,M,Full-time,
E02101,2018-05-04,M,Full-time,
E02102,2023-06-11,M,Full-time,
E02103,2021-04-04,F,Full-time,
E02104,2019-01-14,M,Full-time,
E02105,2021-10-24,F,Full-time,2025-03-31
E02106,2024-02-16,M,Full-time,2025-07-31
E02107,2019-12-02,F,Part-time,
E02108,2016-03-05,N,Full-time,
E02109,2024-07-12,M,Full-time,
E02110,2014-11-21,M,Full-time,
E02111,2017-07-20,F,Full-time,2025-12-31
E02112,2020-03-12,M,Full-time,
E02113,2021-05-30,M,Full-time,
E02114,2022-02-01,F,Full-time,
E02115,2020-03-13,M,Full-time,
E02116,2017-12-01,F,Full-time,2025-05-31
E02117,2017-11-30,M,Full-time,
E02118,2022-03-27,M,Full-time,
E02119,2017-10-13,M,Full-time,
E02120,2023-04-19,M,Full-time,
E02121,2018-07-29,M,Full-time,
E02122,2022-02-18,M,Full-time,
E02123,2019-12-18,F,Full-time,2026-01-31
E02124,2017-04-18,M,Full-time,2025-01-31
E02125,2022-04-10,M,Full-time,2025-10-31
E02126,2014-02-17,F,Full-time,
E02127,2024-08-25,M,Full-time,
E02128,2023-11-27,M,Full-time,2025-08-31
E02129,2014-08-15,M,Full-time,
E02130,2020-11-02,F,Full-time,
E02131,2018-09-09,F,Full-time,
E02132,2023-03-26,M,Full-time,
E02133,2022-07-01,M,Part-time,
E02134,2023-06-01,F,Full-time,
E02135,2021-09-01,M,Full-time,
E02136,2024-07-27,M,Full-time,2025-01-31
E02137,2021-09-19,M,Full-time,
E02138,2023-01-10,F,Full-time,
E02139,2024-04-02,N,Full-time,
E02140,2023-05-27,F,Full-time,
E02141,2022-04-10,F,Full-time,
E02142,2019-05-18,F,Full-time,
E02143,2018-10-27,M,Full-time,
E02144,2024-08-10,F,Full-time,2026-04-30
E02145,2019-06-04,M,Full-time,
E02146,2017-09-01,M,Full-time,2025-03-31
E02147,2020-06-20,F,Part-time,2025-10-31
E02148,2024-03-24,M,Full-time,
E02149,2023-11-06,M,Full-time,
E02150,2021-01-03,F,Full-time,2024-11-30
E02151,2022-11-13,F,Full-time,2026-08-31
E02152,2021-06-03,F,Full-time,
E02153,2021-11-20,F,Full-time,2026-06-30
E02154,2017-07-26,M,Full-time,
E02155,2015-03-28,F,Full-time,2025-09-30
E02156,2020-07-07,F,Full-time,
E02157,2017-11-28,F,Full-time,
E02158,2024-02-05,M,Full-time,
E02159,2024-03-26,M,Full-time,
E02160,2021-09-08,F,Full-time,
E02161,2020-02-27,M,Full-time,
E02162,2024-01-05,F,Part-time,2025-05-31
E02163,2021-09-05,F,Full-time,
E02164,2020-01-25,N,Full-time,
E02165,2022-07-27,M,Full-time,
E02166,2021-07-07,M,Full-time,
E02167,2018-02-07,M,Full-time,
E02168,2023-11-18,F,Full-time,2025-06-30
E02169,2024-05-21,F,Full-time,
E02170,2023-11-10,F,Full-time,
E02171,2011-09-04,M,Full-time,
E02172,2020-11-22,F,Full-time,
E02173,2021-11-29,M,Full-time,2026-04-30
E02174,2020-11-17,M,Full-time,
E02175,2022-11-04,M,Full-time,
E02176,2020-08-29,M,Full-time,
E02177,2018-02-02,M,Full-time,2026-04-30
E02178,2022-11-17,M,Full-time,
E02179,2024-02-03,F,Full-time,
E02180,2017-03-04,M,Full-time,
E02181,2023-06-24,M,Full-time,2026-02-28
E02182,2024-04-02,M,Full-time,2025-11-30
E02183,2019-06-30,M,Part-time,2025-01-31
E02184,2022-09-03,F,Full-time,
E02185,2023-03-18,F,Full-time,
E02186,2024-04-05,M,Full-time,
E02187,2022-10-07,M,Full-time,2025-05-31
E02188,2020-01-24,M,Full-time,
E02189,2022-04-28,M,Full-time,2025-03-31
E02190,2023-10-20,M,Full-time,
E02191,2020-10-02,M,Full-time,2025-07-31
E02192,2013-07-16,F,Full-time,
E02193,2021-03-15,M,Full-time,
E02194,2022-02-04,F,Full-time,
E02195,2019-05-20,M,Full-time,2025-02-28
E02196,2019-08-20,F,Full-time,
E02197,2023-01-21,F,Full-time,2025-01-31
E02198,2022-07-12,M,Full-time,
E02199,2024-03-22,F,Full-time,
E02200,2023-08-13,F,Full-time,
E02201,2022-04-22,M,Full-time,2025-04-30
E02202,2020-01-14,F,Full-time,
E02203,2019-12-22,F,Full-time,2025-10-31
E02204,2021-02-01,F,Full-time,2024-09-30
E02205,2019-06-30,F,Full-time,
E02206,2013-11-25,M,Full-time,
E02207,2023-09-25,F,Full-time,2025-06-30
E02208,2022-05-28,F,Full-time,
E02209,2019-08-27,M,Full-time,
E02210,2023-12-08,M,Full-time,2026-02-28
E02211,2016-11-15,M,Full-time,
E02212,2022-10-03,F,Full-time,
E02213,2023-07-06,M,Full-time,2026-02-28
E02214,2020-07-22,F,Full-time,
E02215,2022-09-04,F,Full-time,
E02216,2022-07-26,F,Full-time,2025-04-30
E02217,2022-12-05,F,Full-time,
E02218,2019-04-01,M,Full-time,
E02219,2021-11-19,F,Full-time,
E02220,2022-03-02,M,Full-time,
E02221,2022-02-28,M,Full-time,2026-03-31
E02222,2022-11-09,M,Full-time,
E02223,2022-01-06,M,Full-time,
E02224,2022-02-12,F,Full-time,
E02225,2023-05-17,F,Full-time,
E02226,2020-10-09,M,Full-time,2025-05-31
E02227,2019-06-17,M,Full-time,
E02228,2023-01-11,M,Full-time,
E02229,2019-07-04,F,Full-time,2025-06-30
E02230,2015-11-12,F,Full-time,
E02231,2017-01-12,F,Full-time,
E02232,2023-11-22,M,Full-time,
E02233,2023-05-30,M,Full-time,
E02234,2022-04-21,M,Full-time,2026-01-31
E02235,2023-01-28,F,Full-time,
E02236,2022-07-13,M,Full-time,
E02237,2017-08-14,F,Full-time,
E02238,2021-07-25,F,Full-time,
E02239,2023-05-01,F,Full-time,2025-07-31
E02240,2020-03-13,M,Full-time,
E02241,2021-11-28,F,Full-time,2025-07-31
E02242,2020-09-03,M,Full-time,2025-04-30
E02243,2018-06-04,M,Full-time,2026-07-31
E02244,2020-03-21,F,Full-time,2025-03-31
E02245,2021-04-02,F,Full-time,2025-05-31
E02246,2023-02-23,F,Full-time,
E02247,2023-02-18,M,Full-time,
E02248,2023-07-13,F,Full-time,
E02249,2023-05-13,M,Full-time,
E02250,2022-02-22,N,Full-time,
E02251,2020-06-06,F,Full-time,
E02252,2020-03-31,M,Full-time,2025-01-31
E02253,2019-06-01,F,Full-time,
E02254,2018-09-06,F,Full-time,
E02255,2020-01-07,F,Full-time,2024-09-30
E02256,2023-06-06,M,Full-time,
E02257,2022-12-30,F,Full-time,2026-01-31
E02258,2022-12-06,F,Full-time,
E02259,2023-02-24,N,Full-time,2025-10-31
E02260,2021-07-24,M,Full-time,
E02261,2019-10-10,M,Full-time,
E02262,2021-12-15,F,Full-time,
E02263,2019-08-19,F,Full-time,2026-02-28
E02264,2024-02-28,M,Full-time,2025-02-28
E02265,2022-05-29,M,Full-time,
E02266,2021-04-25,M,Full-time,
E02267,2021-05-27,F,Full-time,2025-02-28
E02268,2017-10-03,F,Full-time,
E02269,2020-09-03,M,Full-time,
E02270,2020-05-13,F,Full-time,
E02271,2023-03-30,M,Full-time,
E02272,2021-04-23,F,Full-time,
E02273,2018-07-13,N,Full-time,
E02274,2023-12-10,F,Full-time,
E02275,2023-10-17,F,Full-time,2025-05-31
E02276,2020-11-27,N,Full-time,
E02277,2021-07-19,M,Full-time,
E02278,2022-09-06,F,Full-time,
E02279,2022-09-30,M,Full-time,2025-05-31
E02280,2024-01-31,F,Full-time,
E02281,2018-07-10,M,Full-time,2025-10-31
E02282,2021-05-01,M,Full-time,2026-07-31
E02283,2018-12-14,F,Full-time,2025-03-31
E02284,2021-04-02,M,Full-time,
E02285,2022-11-17,F,Full-time,
E02286,2013-10-26,M,Full-time,2025-12-31
E02287,2016-09-21,F,Full-time,
E02288,2022-05-05,M,Full-time,
E02289,2021-08-21,F,Full-time,
E02290,2020-11-28,M,Full-time,
E02291,2020-09-25,M,Full-time,
E02292,2021-07-14,M,Full-time,
E02293,2021-08-20,M,Full-time,
E02294,2022-09-30,F,Full-time,2025-04-30
E02295,2020-02-28,F,Full-time,2026-08-31
E02296,2023-12-24,F,Full-time,2024-09-30
E02297,2023-12-19,F,Full-time,2025-05-31
E02298,2019-05-09,M,Full-time,
E02299,2021-01-13,M,Full-time,
E02300,2020-12-30,M,Full-time,
E02301,2022-01-01,M,Full-time,
E02302,2016-06-19,F,Full-time,
E02303,2020-12-09,F,Full-time,2026-04-30
E02304,2019-11-21,M,Full-time,
E02305,2023-09-16,M,Part-time,
E02306,2020-07-10,M,Full-time,2025-06-30
E02307,2023-07-16,M,Full-time,2026-05-31
E02308,2011-01-02,M,Full-time,
E02309,2024-04-21,M,Full-time,2025-08-31
E02310,2021-10-14,F,Full-time,
E02311,2021-02-15,F,Full-time,2024-10-31
E02312,2020-04-14,F,Full-time,2026-05-31
E02313,2022-08-14,M,Full-time,
E02314,2023-09-07,M,Full-time,2024-11-30
E02315,2021-07-16,F,Full-time,
E02316,2021-03-22,N,Part-time,
E02317,2022-03-28,M,Full-time,
E02318,2015-11-01,F,Full-time,2026-01-31
E02319,2019-07-26,M,Full-time,
E02320,2021-04-24,M,Full-time,
E02321,2018-05-05,M,Part-time,
E02322,2021-07-19,F,Full-time,
E02323,2020-12-18,M,Full-time,
E02324,2022-08-29,M,Full-time,
E02325,2023-08-09,M,Part-time,2026-06-30
E02326,2022-06-27,M,Full-time,2024-10-31
E02327,2024-01-06,F,Full-time,2025-08-31
E02328,2022-10-18,M,Full-time,2025-02-28
E02329,2017-02-07,M,Full-time,
E02330,2022-12-10,M,Part-time,
E02331,2020-07-06,M,Part-time,
E02332,2022-04-02,F,Full-time,
E02333,2023-08-18,M,Full-time,
E02334,2021-06-22,M,Full-time,2026-03-31
E02335,2023-07-11,M,Full-time,2025-01-31
E02336,2022-01-27,M,Full-time,
E02337,2022-07-24,M,Full-time,2025-03-31
E02338,2022-04-30,F,Full-time,
E02339,2018-03-29,F,Full-time,2025-09-30
E02340,2019-10-28,M,Full-time,
E02341,2020-03-30,F,Full-time,
E02342,2021-11-27,F,Full-time,
E02343,2023-09-26,M,Full-time,
E02344,2018-03-17,F,Full-time,
E02345,2020-10-01,F,Full-time,
E02346,2023-04-22,M,Full-time,
E02347,2022-03-01,M,Full-time,
E02348,2021-02-25,F,Full-time,
E02349,2020-03-08,F,Part-time,
E02350,2021-01-17,M,Full-time,
E02351,2020-05-20,F,Full-time,2024-10-31
E02352,2013-10-15,F,Full-time,2024-10-31
E02353,2022-04-08,F,Full-time,
E02354,2022-06-16,F,Full-time,
E02355,2017-07-20,M,Full-time,2025-06-30
E02356,2016-05-28,F,Full-time,
E02357,2018-04-18,F,Full-time,
E02358,2019-01-28,M,Full-time,
E02359,2024-05-26,F,Full-time,
E02360,2020-11-06,F,Part-time,
E02361,2020-09-13,F,Full-time,
E02362,2020-12-07,M,Full-time,
E02363,2022-06-25,M,Full-time,
E02364,2019-03-21,F,Full-time,
E02365,2023-09-20,F,Full-time,
E02366,2023-03-13,F,Full-time,
E02367,2024-05-15,F,Full-time,2025-10-31
E02368,2017-02-01,F,Full-time,
E02369,2023-07-25,M,Full-time,2024-12-31
E02370,2022-10-09,M,Full-time,
E02371,2022-02-01,F,Full-time,
E02372,2016-07-26,M,Part-time,2025-07-31
E02373,2023-09-20,N,Full-time,2026-04-30
E02374,2019-03-13,F,Full-time,
E02375,2023-04-21,F,Part-time,
E02376,2020-12-22,F,Full-time,
E02377,2020-04-03,F,Full-time,
E02378,2015-12-15,M,Full-time,2026-01-31
E02379,2020-10-25,F,Part-time,
E02380,2023-08-26,F,Full-time,2025-10-31
E02381,2017-09-13,F,Full-time,
E02382,2022-03-23,M,Part-time,2024-09-30
E02383,2022-12-14,F,Full-time,2025-06-30
E02384,2023-11-07,M,Full-time,
E02385,2022-12-08,M,Full-time,
E02386,2022-11-11,M,Full-time,2025-09-30
E02387,2023-10-20,M,Full-time,2025-09-30
E02388,2023-06-24,F,Full-time,
E02389,2020-03-17,M,Full-time,
E02390,2022-06-01,F,Full-time,
E02391,2019-02-25,M,Full-time,
E02392,2023-09-12,M,Full-time,
E02393,2024-06-08,F,Full-time,2025-07-31
E02394,2023-02-19,F,Full-time,
E02395,2018-06-09,M,Full-time,
E02396,2021-04-06,M,Part-time,
E02397,2021-10-04,F,Full-time,
E02398,2011-01-21,M,Full-time,
E02399,2022-12-28,M,Full-time,
E02400,2021-06-18,F,Full-time,
E02401,2023-06-04,M,Full-time,
E02402,2023-11-27,M,Full-time,2024-09-30
E02403,2021-02-20,F,Full-time,
E02404,2019-12-19,M,Full-time,
E02405,2021-04-13,M,Full-time,
E02406,2022-01-06,F,Full-time,2025-01-31
E02407,2022-02-17,M,Part-time,
E02408,2024-03-11,F,Full-time,
E02409,2022-10-17,M,Full-time,
E02410,2022-08-31,M,Full-time,
E02411,2021-11-05,M,Full-time,
E02412,2023-02-15,F,Full-time,
E02413,2021-04-16,F,Full-time,
E02414,2022-11-24,M,Full-time,
E02415,2024-08-18,F,Full-time,
E02416,2022-04-04,M,Full-time,2026-02-28
E02417,2019-10-25,F,Full-time,2026-08-31
E02418,2021-03-24,M,Full-time,
E02419,2019-04-15,M,Full-time,
E02420,2021-09-13,M,Full-time,
E02421,2010-11-21,F,Full-time,
E02422,2017-05-09,F,Full-time,
E02423,2022-12-06,M,Full-time,2025-09-30
E02424,2022-12-14,M,Full-time,
E02425,2023-02-25,M,Full-time,2025-01-31
E02426,2023-02-01,F,Full-time,
E02427,2021-03-12,M,Full-time,
E02428,2022-08-20,M,Full-time,
E02429,2023-10-20,M,Full-time,2026-05-31
E02430,2018-04-29,F,Full-time,
E02431,2019-01-04,M,Part-time,
E02432,2023-06-18,F,Full-time,
E02433,2021-07-21,M,Full-time,
E02434,2022-02-11,N,Full-time,
E02435,2020-11-11,F,Full-time,
E02436,2017-07-22,M,Full-time,
E02437,2017-09-05,M,Part-time,
E02438,2022-03-21,M,Full-time,
E02439,2024-08-01,F,Full-time,2025-04-30
E02440,2022-02-08,M,Full-time,2024-10-31
E02441,2022-05-11,M,Full-time,2026-02-28
E02442,2023-09-20,F,Full-time,
E02443,2021-05-12,M,Full-time,2026-04-30
E02444,2017-09-09,M,Full-time,2024-12-31
E02445,2019-11-16,F,Full-time,
E02446,2013-12-11,M,Full-time,
E02447,2023-09-30,N,Full-time,
E02448,2024-08-16,F,Part-time,
E02449,2021-05-08,F,Full-time,
E02450,2018-06-30,F,Full-time,
E02451,2021-11-28,F,Full-time,2024-11-30
E02452,2024-04-05,M,Part-time,2025-09-30
E02453,2020-12-24,F,Full-time,2025-01-31
E02454,2022-12-24,M,Full-time,
E02455,2017-06-25,M,Full-time,
E02456,2022-06-25,F,Full-time,
E02457,2021-12-29,M,Full-time,
E02458,2021-04-06,M,Full-time,
E02459,2023-03-22,F,Full-time,
E02460,2023-10-12,M,Full-time,
E02461,2016-02-03,F,Full-time,
E02462,2023-09-17,F,Full-time,
E02463,2016-09-28,F,Full-time,
E02464,2022-07-18,F,Full-time,2026-07-31
E02465,2021-11-26,F,Full-time,2026-07-31
E02466,2024-04-05,M,Full-time,2026-07-31
E02467,2018-04-14,M,Full-time,
E02468,2021-08-17,F,Full-time,2025-03-31
E02469,2022-01-15,F,Full-time,
E02470,2017-05-08,F,Full-time,
E02471,2017-07-06,M,Full-time,
E02472,2024-01-08,F,Full-time,
E02473,2017-09-18,M,Full-time,
E02474,2022-09-09,M,Full-time,
E02475,2022-09-09,F,Full-time,
E02476,2020-08-28,F,Full-time,
E02477,2023-12-21,M,Full-time,2025-02-28
E02478,2021-05-12,M,Part-time,
E02479,2022-01-28,F,Full-time,
E02480,2021-10-22,F,Full-time,
E02481,2018-11-03,F,Full-time,2026-02-28
E02482,2019-06-26,M,Full-time,
E02483,2022-03-15,F,Full-time,
E02484,2023-01-14,M,Full-time,
E02485,2023-07-18,F,Full-time,
E02486,2023-04-19,F,Full-time,
E02487,2019-12-21,F,Full-time,
E02488,2021-06-08,M,Full-time,
E02489,2024-02-24,F,Full-time,2025-03-31
E02490,2023-01-15,F,Full-time,
E02491,2016-12-06,F,Full-time,
E02492,2021-04-04,M,Full-time,
E02493,2020-05-22,M,Full-time,
E02494,2020-09-15,M,Full-time,2025-04-30
E02495,2023-10-21,M,Full-time,
E02496,2012-12-26,F,Full-time,2025-09-30
E02497,2021-03-29,M,Full-time,2026-03-31
E02498,2009-08-02,F,Full-time,2026-07-31
E02499,2022-06-27,M,Full-time,
E02500,2014-01-06,N,Full-time,
E02501,2019-12-15,F,Full-time,
E02502,2021-03-04,M,Full-time,2025-07-31
E02503,2016-12-10,M,Full-time,
E02504,2020-07-31,F,Full-time,
E02505,2023-10-16,F,Full-time,
E02506,2022-02-20,F,Full-time,2025-01-31
E02507,2019-01-07,F,Full-time,
E02508,2022-08-15,M,Full-time,
E02509,2023-02-20,F,Full-time,
E02510,2020-06-25,M,Full-time,
E02511,2017-06-22,F,Full-time,2025-02-28
E02512,2021-09-10,F,Full-time,
E02513,2021-04-11,N,Full-time,
E02514,2019-12-12,F,Full-time,
E02515,2014-09-07,M,Full-time,
E02516,2022-12-02,F,Full-time,
E02517,2023-12-06,F,Full-time,
E02518,2012-12-18,M,Full-time,
E02519,2022-03-22,F,Full-time,
E02520,2021-11-23,M,Full-time,2026-03-31
E02521,2022-03-13,F,Full-time,
E02522,2022-12-10,F,Full-time,2024-09-30
E02523,2020-12-08,M,Full-time,
E02524,2022-09-01,M,Part-time,
E02525,2022-07-01,M,Full-time,
E02526,2022-03-27,M,Full-time,
E02527,2019-06-03,F,Full-time,
E02528,2019-09-22,F,Full-time,
E02529,2020-06-30,M,Full-time,
E02530,2021-12-29,M,Full-time,
E02531,2022-07-12,M,Full-time,2025-02-28
E02532,2024-07-07,F,Full-time,
E02533,2023-10-16,M,Full-time,
E02534,2023-08-11,M,Full-time,
E02535,2022-06-16,N,Full-time,
E02536,2022-05-24,M,Full-time,2025-06-30
E02537,2018-11-01,F,Full-time,
E02538,2017-10-04,M,Full-time,
E02539,2023-04-17,M,Full-time,
E02540,2018-04-09,F,Full-time,
E02541,2020-07-29,M,Full-time,
E02542,2018-04-30,M,Full-time,
E02543,2020-10-23,F,Full-time,2025-01-31
E02544,2022-01-30,F,Full-time,
E02545,2018-12-04,M,Full-time,
E02546,2022-02-01,F,Full-time,
E02547,2021-12-10,M,Full-time,
E02548,2022-06-22,M,Full-time,2025-12-31
E02549,2022-10-17,F,Full-time,
E02550,2023-10-16,F,Full-time,2025-07-31
E02551,2019-09-02,M,Full-time,
E02552,2024-06-28,M,Full-time,
E02553,2021-11-29,F,Full-time,
E02554,2020-05-11,F,Full-time,2025-03-31
E02555,2022-06-29,M,Full-time,
E02556,2021-03-26,F,Full-time,
E02557,2018-05-01,F,Full-time,
E02558,2023-01-16,M,Part-time,2025-06-30
E02559,2017-02-08,M,Full-time,
E02560,2022-01-15,F,Part-time,2025-02-28
E02561,2021-10-22,F,Full-time,
E02562,2023-11-15,F,Full-time,
E02563,2023-01-19,F,Full-time,
E02564,2022-08-10,F,Full-time,
E02565,2018-08-19,M,Full-time,
E02566,2021-10-20,M,Full-time,
E02567,2023-03-01,M,Part-time,2026-03-31
E02568,2014-09-19,F,Full-time,
E02569,2021-03-23,F,Full-time,2026-01-31
E02570,2020-01-06,M,Full-time,
E02571,2015-03-23,M,Full-time,
E02572,2024-01-11,F,Full-time,2025-09-30
E02573,2019-10-12,M,Full-time,
E02574,2020-02-09,M,Full-time,2025-02-28
E02575,2021-02-05,F,Full-time,
E02576,2022-04-26,F,Full-time,
E02577,2024-06-04,M,Full-time,2026-01-31
E02578,2023-05-04,M,Full-time,
E02579,2022-12-22,F,Full-time,
E02580,2019-03-07,F,Full-time,2025-02-28
E02581,2024-03-26,F,Full-time,
E02582,2017-11-07,M,Full-time,
E02583,2019-12-08,M,Full-time,
E02584,2022-01-04,M,Full-time,
E02585,2022-04-12,M,Full-time,
E02586,2019-11-10,F,Full-time,
E02587,2024-03-27,F,Full-time,2025-01-31
E02588,2019-10-11,F,Full-time,
E02589,2019-04-10,F,Full-time,2025-11-30
E02590,2017-09-22,M,Full-time,
E02591,2023-04-13,F,Full-time,2026-04-30
E02592,2015-07-26,F,Full-time,
E02593,2023-04-18,M,Full-time,
E02594,2019-05-07,F,Full-time,2025-09-30
E02595,2023-03-16,F,Full-time,
E02596,2019-03-27,F,Full-time,
E02597,2019-01-21,M,Full-time,
E02598,2020-12-04,M,Full-time,
E02599,2010-05-30,M,Full-time,
E02600,2020-08-19,M,Full-time,
E02601,2022-04-29,F,Full-time,
E02602,2020-11-28,F,Full-time,
E02603,2021-11-08,M,Full-time,2025-03-31
E02604,2024-06-01,F,Full-time,
E02605,2021-03-10,F,Full-time,
E02606,2021-04-19,M,Full-time,
E02607,2015-07-19,F,Full-time,
E02608,2021-05-26,F,Full-time,2025-03-31
E02609,2014-02-20,M,Full-time,
E02610,2018-01-14,F,Full-time,2025-05-31
E02611,2018-12-21,M,Full-time,
E02612,2024-05-26,M,Full-time,
E02613,2019-07-19,M,Full-time,2025-05-31
E02614,2023-12-24,F,Full-time,2026-02-28
E02615,2023-08-29,M,Full-time,
E02616,2019-03-03,F,Full-time,2024-12-31
E02617,2022-01-01,F,Part-time,
E02618,2022-09-06,F,Full-time,2024-09-30
E02619,2021-03-13,M,Full-time,
E02620,2021-05-01,M,Full-time,2025-08-31
E02621,2021-12-14,M,Full-time,
E02622,2023-08-29,M,Full-time,2024-12-31
E02623,2022-08-13,M,Full-time,
E02624,2021-07-27,F,Full-time,
E02625,2023-04-24,M,Full-time,
E02626,2022-03-25,M,Full-time,
E02627,2023-07-07,F,Full-time,
E02628,2021-09-15,M,Full-time,
E02629,2021-07-01,M,Full-time,
E02630,2022-08-21,F,Full-time,
E02631,2017-01-14,M,Full-time,2026-02-28
E02632,2017-06-03,F,Full-time,
E02633,2024-03-25,F,Full-time,2024-09-30
E02634,2022-01-26,M,Full-time,
E02635,2021-04-24,M,Part-time,2026-03-31
E02636,2022-03-02,M,Full-time,
E02637,2023-05-14,M,Full-time,2026-01-31
E02638,2020-06-09,M,Full-time,2026-08-31
E02639,2016-11-03,F,Full-time,
E02640,2023-02-26,M,Full-time,2025-04-30
E02641,2024-07-12,F,Full-time,2025-02-28
E02642,2019-07-19,F,Full-time,
E02643,2021-05-03,F,Full-time,2026-01-31
E02644,2023-09-07,F,Full-time,
E02645,2024-02-16,F,Full-time,
E02646,2023-09-16,F,Full-time,
E02647,2012-08-26,F,Full-time,
E02648,2021-11-21,M,Full-time,
E02649,2020-05-29,M,Full-time,
E02650,2020-07-02,F,Full-time,
E02651,2023-09-18,F,Full-time,
E02652,2020-07-21,M,Full-time,
E02653,2023-05-21,M,Full-time,
E02654,2020-11-14,M,Full-time,
E02655,2022-09-29,M,Full-time,2025-11-30
E02656,2019-08-16,M,Part-time,
E02657,2022-02-08,F,Full-time,2024-09-30
E02658,2022-02-24,F,Full-time,
E02659,2015-06-26,F,Full-time,
E02660,2016-03-06,M,Full-time,
E02661,2023-03-02,M,Part-time,
E02662,2019-09-11,M,Full-time,
E02663,2023-01-04,F,Full-time,
E02664,2022-03-01,F,Full-time,2026-02-28
E02665,2015-09-21,M,Full-time,
E02666,2019-05-04,M,Full-time,
E02667,2023-10-11,M,Full-time,2025-11-30
E02668,2023-03-02,M,Full-time,
E02669,2024-03-04,M,Full-time,
E02670,2019-08-09,M,Full-time,
E02671,2023-05-21,F,Full-time,2025-05-31
E02672,2015-07-26,M,Full-time,
E02673,2023-09-21,M,Full-time,
E02674,2018-08-16,F,Full-time,
E02675,2022-09-30,M,Full-time,2026-05-31
E02676,2021-08-10,M,Full-time,
E02677,2022-03-09,M,Full-time,2024-09-30
E02678,2021-02-08,F,Full-time,
E02679,2023-06-29,F,Full-time,
E02680,2019-01-05,M,Full-time,
E02681,2023-04-07,F,Full-time,
E02682,2008-09-30,M,Full-time,
E02683,2018-06-17,F,Full-time,
E02684,2022-11-28,F,Full-time,
E02685,2023-01-06,M,Part-time,
E02686,2019-09-25,M,Full-time,
E02687,2017-05-01,M,Full-time,
E02688,2020-11-25,M,Full-time,
E02689,2020-06-30,F,Full-time,
E02690,2023-08-26,N,Full-time,
E02691,2023-07-24,F,Full-time,2025-04-30
E02692,2015-01-16,M,Full-time,
E02693,2024-05-24,F,Full-time,
E02694,2016-12-17,F,Full-time,2026-06-30
E02695,2017-09-14,M,Full-time,
E02696,2018-02-09,F,Full-time,
E02697,2021-07-23,M,Full-time,
E02698,2024-04-24,M,Full-time,
E02699,2024-03-03,M,Full-time,2025-02-28
E02700,2021-08-14,F,Full-time,2026-03-31
E02701,2018-09-26,M,Full-time,
E02702,2022-10-19,M,Full-time,
E02703,2018-08-14,M,Full-time,
E02704,2023-10-23,M,Full-time,
E02705,2021-09-08,F,Full-time,
E02706,2022-02-04,M,Full-time,
E02707,2024-03-23,M,Full-time,
E02708,2018-08-15,M,Full-time,
E02709,2020-05-27,M,Full-time,
E02710,2021-10-11,M,Full-time,
E02711,2022-08-29,M,Full-time,
E02712,2024-06-14,F,Full-time,
E02713,2017-07-07,M,Full-time,2025-11-30
E02714,2013-12-16,M,Full-time,
E02715,2021-03-17,M,Full-time,
E02716,2021-04-09,F,Full-time,
E02717,2023-04-27,M,Full-time,2025-01-31
E02718,2022-07-15,F,Full-time,
E02719,2021-09-05,F,Full-time,2024-10-31
E02720,2018-07-17,M,Full-time,
E02721,2022-05-11,F,Full-time,
E02722,2023-03-16,M,Full-time,
E02723,2019-01-20,M,Full-time,
E02724,2016-12-04,M,Full-time,2025-08-31
E02725,2017-03-30,M,Full-time,2025-11-30
E02726,2023-10-23,M,Full-time,
E02727,2021-07-26,F,Full-time,
E02728,2022-01-12,F,Full-time,
E02729,2022-08-22,F,Full-time,
E02730,2017-07-22,M,Full-time,
E02731,2021-04-10,F,Full-time,
E02732,2019-05-16,F,Full-time,2025-09-30
E02733,2023-12-14,F,Full-time,2025-09-30
E02734,2023-05-05,M,Full-time,
E02735,2014-01-18,F,Full-time,
E02736,2016-07-14,M,Full-time,2025-04-30
E02737,2021-10-15,F,Full-time,
E02738,2018-04-08,M,Full-time,2026-02-28
E02739,2020-01-26,F,Full-time,
E02740,2021-05-26,M,Full-time,
E02741,2022-01-22,M,Full-time,2025-02-28
E02742,2022-07-03,F,Full-time,
E02743,2022-07-26,F,Full-time,
E02744,2015-02-18,F,Full-time,
E02745,2018-05-27,F,Full-time,
E02746,2018-02-10,F,Full-time,2026-06-30
E02747,2022-05-24,M,Full-time,
E02748,2013-05-18,M,Full-time,2025-02-28
E02749,2023-08-06,F,Full-time,
E02750,2024-08-24,F,Full-time,
E02751,2021-01-09,M,Full-time,2025-04-30
E02752,2020-06-12,F,Full-time,2026-03-31
E02753,2022-09-12,M,Part-time,
E02754,2021-10-18,M,Full-time,
E02755,2017-04-22,N,Full-time,
E02756,2023-09-21,F,Full-time,
E02757,2020-07-01,F,Full-time,
E02758,2021-12-11,F,Full-time,
E02759,2023-01-28,F,Full-time,2024-10-31
E02760,2020-07-26,F,Full-time,
E02761,2020-02-10,F,Full-time,2025-01-31
E02762,2022-05-31,M,Full-time,2026-02-28
E02763,2020-10-11,M,Full-time,
E02764,2023-10-18,F,Full-time,
E02765,2022-05-10,N,Full-time,
E02766,2022-01-09,F,Full-time,
E02767,2023-01-29,M,Full-time,
E02768,2021-05-07,F,Full-time,
E02769,2023-01-19,M,Full-time,
E02770,2020-10-20,M,Full-time,
E02771,2022-12-14,F,Full-time,
E02772,2022-05-14,F,Full-time,
E02773,2017-09-10,F,Full-time,
E02774,2020-08-17,F,Full-time,
E02775,2022-02-10,M,Full-time,
E02776,2016-06-14,M,Part-time,
E02777,2021-10-01,F,Full-time,2025-01-31
E02778,2022-04-02,F,Full-time,2024-10-31
E02779,2023-09-22,M,Full-time,2025-03-31
E02780,2016-05-13,M,Full-time,
E02781,2023-07-20,M,Full-time,
E02782,2021-03-29,F,Full-time,2024-11-30
E02783,2019-10-16,M,Full-time,
E02784,2022-08-25,M,Full-time,
E02785,2017-08-15,N,Full-time,2026-07-31
E02786,2017-08-06,M,Full-time,
E02787,2015-12-01,M,Full-time,2024-10-31
E02788,2020-08-12,M,Full-time,
E02789,2010-09-07,M,Full-time,
E02790,2011-04-24,M,Full-time,
E02791,2024-03-17,F,Full-time,
E02792,2023-10-01,M,Full-time,
E02793,2022-04-22,F,Full-time,
E02794,2012-08-14,F,Part-time,
E02795,2021-09-06,F,Full-time,2025-12-31
E02796,2022-11-07,F,Full-time,
E02797,2021-01-05,M,Full-time,2026-03-31
E02798,2014-05-07,M,Full-time,2025-03-31
E02799,2022-11-13,F,Full-time,
E02800,2023-02-19,M,Full-time,
E02801,2022-12-26,F,Full-time,
E02802,2023-06-30,F,Full-time,
E02803,2017-10-17,F,Full-time,
E02804,2021-10-12,M,Full-time,2026-05-31
E02805,2008-09-30,F,Full-time,
E02806,2015-10-07,M,Full-time,
E02807,2019-07-14,M,Full-time,2025-09-30
E02808,2022-02-01,M,Full-time,
E02809,2019-03-19,M,Full-time,
E02810,2023-02-07,M,Full-time,2025-10-31
E02811,2024-02-21,F,Full-time,
E02812,2017-02-17,F,Full-time,2025-06-30
E02813,2018-05-16,M,Part-time,
E02814,2021-05-01,F,Full-time,
E02815,2020-02-11,M,Full-time,
E02816,2022-10-12,N,Full-time,
E02817,2021-03-01,M,Full-time,
E02818,2021-08-06,N,Full-time,
E02819,2020-10-10,F,Full-time,2026-03-31
E02820,2019-12-24,M,Full-time,
E02821,2023-11-14,M,Full-time,
E02822,2020-07-08,M,Full-time,
E02823,2022-08-06,F,Full-time,
E02824,2020-04-28,F,Full-time,
E02825,2020-12-23,M,Full-time,
E02826,2018-06-25,F,Full-time,
E02827,2024-05-16,M,Full-time,2025-02-28
E02828,2013-11-17,M,Full-time,
E02829,2020-02-29,M,Full-time,
E02830,2022-10-26,M,Full-time,
E02831,2020-01-20,M,Full-time,
E02832,2023-07-16,F,Full-time,2025-09-30
E02833,2021-05-24,M,Full-time,
E02834,2022-12-25,M,Full-time,
E02835,2024-04-09,F,Full-time,
E02836,2021-11-30,M,Full-time,
E02837,2019-10-08,M,Full-time,
E02838,2023-03-09,M,Full-time,
E02839,2019-05-22,F,Full-time,
E02840,2022-11-04,M,Full-time,
E02841,2020-01-04,F,Full-time,
E02842,2018-01-29,F,Part-time,
E02843,2014-10-27,M,Full-time,
E02844,2020-06-19,F,Full-time,
E02845,2024-04-09,M,Part-time,2025-10-31
E02846,2023-01-28,M,Full-time,
E02847,2017-03-25,M,Full-time,
E02848,2017-09-19,F,Full-time,
E02849,2022-08-01,F,Full-time,
E02850,2020-01-03,M,Full-time,
E02851,2020-02-14,F,Full-time,2026-02-28
E02852,2022-10-16,M,Full-time,2026-08-31
E02853,2021-01-15,N,Full-time,
E02854,2022-03-13,M,Full-time,2025-07-31
E02855,2017-02-02,F,Full-time,2025-11-30
E02856,2023-11-16,M,Full-time,2025-12-31
E02857,2014-05-31,F,Full-time,
E02858,2022-01-06,M,Part-time,2025-10-31
E02859,2022-09-27,M,Full-time,2025-01-31
E02860,2022-03-13,M,Full-time,
E02861,2022-01-10,M,Full-time,
E02862,2018-05-29,F,Full-time,
E02863,2022-02-23,F,Full-time,
E02864,2019-12-07,F,Full-time,
E02865,2018-10-21,M,Full-time,
E02866,2014-04-02,F,Full-time,
E02867,2022-02-18,M,Full-time,
E02868,2023-06-05,F,Full-time,2024-09-30
E02869,2022-08-18,F,Full-time,
E02870,2023-05-10,M,Full-time,
E02871,2021-12-25,F,Full-time,
E02872,2022-10-09,M,Full-time,
E02873,2023-09-05,M,Full-time,
E02874,2022-06-11,F,Full-time,
E02875,2017-06-30,F,Full-time,
E02876,2016-02-23,F,Full-time,
E02877,2020-11-19,F,Full-time,2025-01-31
E02878,2020-06-16,N,Full-time,2024-09-30
E02879,2017-10-28,F,Full-time,2025-04-30
E02880,2020-08-12,F,Full-time,
E02881,2023-09-20,M,Full-time,2026-03-31
E02882,2023-07-24,M,Full-time,
E02883,2019-10-25,M,Full-time,
E02884,2023-07-06,M,Full-time,
E02885,2022-08-10,F,Full-time,
E02886,2023-04-12,M,Full-time,
E02887,2020-04-19,F,Full-time,
E02888,2023-04-24,F,Full-time,
E02889,2019-06-29,N,Full-time,
E02890,2022-03-10,M,Full-time,
E02891,2020-08-28,M,Full-time,
E02892,2016-03-04,M,Full-time,
E02893,2024-02-15,M,Full-time,
E02894,2021-02-01,M,Full-time,2026-01-31
E02895,2020-10-13,M,Full-time,
E02896,2021-06-18,F,Full-time,
E02897,2024-03-10,M,Full-time,2025-02-28
E02898,2021-12-03,M,Full-time,
E02899,2023-01-25,M,Full-time,
E02900,2015-02-19,M,Full-time,2025-03-31
E02901,2022-03-20,M,Full-time,2025-03-31
E02902,2019-10-17,M,Full-time,
E02903,2019-04-11,F,Full-time,2024-11-30
E02904,2020-07-16,F,Full-time,2024-11-30
E02905,2024-03-13,F,Full-time,
E02906,2022-09-26,F,Part-time,2024-10-31
E02907,2023-06-03,F,Full-time,
E02908,2020-03-14,F,Full-time,2025-08-31
E02909,2023-04-01,M,Full-time,2025-04-30
E02910,2023-10-10,F,Full-time,
E02911,2023-01-27,M,Full-time,2025-03-31
E02912,2020-07-22,M,Full-time,
E02913,2022-02-15,M,Full-time,
E02914,2022-01-18,N,Full-time,
E02915,2020-07-31,M,Full-time,
E02916,2023-02-02,F,Full-time,
E02917,2020-06-25,F,Full-time,2026-05-31
E02918,2022-05-09,M,Full-time,
E02919,2023-09-05,M,Full-time,2025-02-28
E02920,2022-04-03,F,Full-time,
E02921,2015-01-25,M,Full-time,
E02922,2019-05-09,F,Full-time,
E02923,2022-09-20,F,Full-time,
E02924,2022-03-08,F,Full-time,2026-06-30
E02925,2022-04-07,M,Full-time,
E02926,2019-12-14,F,Full-time,
E02927,2019-10-14,F,Full-time,
E02928,2020-04-29,M,Full-time,2026-03-31
E02929,2023-04-17,M,Full-time,2026-02-28
E02930,2023-04-11,F,Full-time,2025-03-31
E02931,2020-05-08,F,Full-time,2026-02-28
E02932,2022-12-01,N,Full-time,2025-03-31
E02933,2023-11-10,M,Full-time,
E02934,2021-11-07,F,Full-time,2026-05-31
E02935,2021-07-08,M,Part-time,
E02936,2023-04-03,M,Full-time,2024-11-30
E02937,2021-10-10,M,Full-time,
E02938,2023-04-19,F,Full-time,
E02939,2022-11-20,M,Full-time,
E02940,2023-11-21,F,Full-time,2025-05-31
E02941,2021-12-11,M,Full-time,2026-03-31
E02942,2024-01-28,M,Full-time,
E02943,2023-02-21,F,Full-time,
E02944,2023-10-10,M,Part-time,
E02945,2023-01-22,F,Full-time,
E02946,2019-12-24,M,Full-time,
E02947,2024-04-12,M,Full-time,2026-05-31
E02948,2018-12-15,M,Full-time,2025-02-28
E02949,2018-01-06,M,Full-time,
E02950,2020-08-05,M,Full-time,2025-07-31
E02951,2021-05-11,F,Full-time,2025-08-31
E02952,2021-03-04,F,Full-time,
E02953,2024-04-27,M,Full-time,
E02954,2019-10-22,M,Full-time,2025-08-31
E02955,2018-04-04,M,Full-time,
E02956,2019-02-20,M,Full-time,
E02957,2022-06-09,F,Full-time,
E02958,2023-12-27,M,Full-time,
E02959,2021-01-09,M,Full-time,
E02960,2022-11-06,F,Full-time,
E02961,2017-10-23,F,Full-time,
E02962,2018-12-20,M,Full-time,
E02963,2019-11-22,F,Full-time,2025-12-31
E02964,2024-09-01,M,Full-time,
E02965,2020-05-02,F,Full-time,
E02966,2017-06-14,F,Part-time,
E02967,2019-10-26,M,Full-time,
E02968,2022-11-20,M,Full-time,
E02969,2023-05-17,F,Full-time,
E02970,2021-10-26,M,Full-time,
E02971,2021-12-24,M,Full-time,
E02972,2017-04-10,M,Full-time,
E02973,2023-08-22,M,Full-time,
E02974,2017-11-03,M,Full-time,
E02975,2023-10-07,M,Full-time,
E02976,2020-10-31,M,Full-time,2025-05-31
E02977,2021-09-17,F,Full-time,
E02978,2022-01-06,F,Full-time,2026-07-31
E02979,2019-07-07,F,Part-time,
E02980,2019-09-18,M,Full-time,
E02981,2017-04-19,F,Full-time,
E02982,2023-01-12,F,Part-time,2026-03-31
E02983,2023-02-23,F,Full-time,
E02984,2020-03-06,M,Full-time,2025-03-31
E02985,2023-09-08,F,Full-time,
E02986,2019-12-24,M,Full-time,
E02987,2021-11-26,M,Full-time,2025-01-31
E02988,2021-03-23,F,Full-time,
E02989,2021-05-12,F,Full-time,
E02990,2023-03-15,M,Full-time,
E02991,2022-07-30,M,Full-time,
E02992,2013-09-30,M,Full-time,
E02993,2022-03-09,M,Full-time,
E02994,2022-01-02,F,Full-time,
E02995,2021-05-30,F,Full-time,
E02996,2021-04-06,F,Full-time,
E02997,2024-02-27,F,Full-time,
E02998,2019-08-10,F,Full-time,2025-03-31
E02999,2016-09-17,M,Full-time,
E03000,2016-06-27,M,Full-time,
E03001,2020-11-15,M,Full-time,
E03002,2024-03-08,M,Full-time,
E03003,2018-01-30,M,Full-time,
E03004,2018-12-11,M,Full-time,
E03005,2022-06-19,M,Full-time,2025-10-31
E03006,2020-09-09,M,Full-time,
E03007,2019-12-19,F,Full-time,2025-03-31
E03008,2023-06-28,F,Full-time,2026-04-30
E03009,2022-01-25,M,Full-time,
E03010,2021-09-25,M,Full-time,
E03011,2021-03-09,F,Full-time,
E03012,2017-08-08,M,Full-time,
E03013,2022-09-14,M,Full-time,
E03014,2017-11-20,M,Full-time,
E03015,2020-12-29,M,Full-time,
E03016,2017-10-06,M,Full-time,2025-04-30
E03017,2020-07-04,F,Full-time,
E03018,2021-03-23,F,Full-time,2025-03-31
E03019,2024-07-16,M,Full-time,
E03020,2018-04-10,M,Full-time,
E03021,2024-06-14,M,Full-time,
E03022,2024-02-26,F,Full-time,2025-02-28
E03023,2021-08-11,M,Full-time,
E03024,2022-10-10,M,Full-time,
E03025,2021-06-09,M,Full-time,
E03026,2019-08-10,M,Full-time,
E03027,2020-02-25,N,Full-time,
E03028,2020-01-18,M,Full-time,
E03029,2023-05-10,M,Full-time,
E03030,2021-04-28,M,Full-time,
E03031,2022-12-31,F,Full-time,
E03032,2024-04-13,F,Full-time,2024-09-30
E03033,2022-05-31,M,Full-time,2024-12-31
E03034,2016-07-21,M,Full-time,
E03035,2019-11-20,F,Full-time,2026-03-31
E03036,2017-06-28,M,Full-time,
E03037,2024-07-25,M,Full-time,
E03038,2022-05-22,F,Full-time,2026-01-31
E03039,2018-07-25,F,Full-time,
E03040,2019-11-30,M,Full-time,
E03041,2017-04-18,M,Part-time,2025-03-31
E03042,2020-05-15,F,Full-time,
E03043,2021-05-26,M,Full-time,
E03044,2023-08-24,M,Full-time,2024-10-31
E03045,2021-07-11,F,Full-time,
E03046,2018-06-15,F,Full-time,
E03047,2016-02-06,M,Full-time,
E03048,2024-01-30,F,Full-time,
E03049,2020-03-11,M,Full-time,
E03050,2022-06-08,F,Part-time,2026-01-31
E03051,2024-04-15,F,Full-time,
E03052,2017-10-04,M,Full-time,
E03053,2023-04-14,M,Full-time,2025-08-31
E03054,2023-04-21,F,Full-time,
E03055,2021-09-21,M,Full-time,
E03056,2020-07-01,F,Full-time,
E03057,2020-11-26,F,Full-time,
E03058,2021-06-30,F,Full-time,
E03059,2017-08-11,F,Full-time,
E03060,2021-12-06,F,Full-time,2025-04-30
E03061,2023-05-19,M,Full-time,
E03062,2020-07-11,M,Full-time,
E03063,2022-12-27,M,Full-time,
E03064,2020-01-07,M,Full-time,2026-04-30
E03065,2020-11-10,F,Full-time,
E03066,2018-06-09,M,Full-time,
E03067,2022-05-25,M,Full-time,
E03068,2014-09-02,F,Full-time,
E03069,2021-05-19,F,Full-time,2026-06-30
E03070,2015-06-19,M,Full-time,
E03071,2022-10-07,M,Full-time,
E03072,2021-12-25,F,Full-time,2025-10-31
E03073,2021-04-26,F,Full-time,2025-05-31
E03074,2018-02-05,N,Full-time,
E03075,2020-12-23,F,Full-time,
E03076,2020-12-22,F,Full-time,
E03077,2016-09-27,M,Full-time,
E03078,2020-01-23,N,Full-time,
E03079,2024-02-26,M,Full-time,
E03080,2018-06-04,M,Full-time,
E03081,2017-12-05,M,Full-time,
E03082,2023-02-20,M,Full-time,
E03083,2022-10-16,F,Full-time,2026-03-31
E03084,2018-04-16,M,Full-time,
E03085,2020-05-16,M,Full-time,
E03086,2018-12-03,F,Full-time,2024-10-31
E03087,2022-05-22,F,Full-time,
E03088,2020-03-08,F,Full-time,
E03089,2023-07-15,F,Full-time,
E03090,2021-04-03,F,Full-time,
E03091,2021-12-10,F,Full-time,
E03092,2015-05-16,F,Full-time,
E03093,2023-06-09,F,Full-time,2025-07-31
E03094,2023-09-22,F,Full-time,2025-08-31
E03095,2023-09-02,M,Full-time,
E03096,2019-05-24,F,Full-time,
E03097,2022-11-03,M,Full-time,
E03098,2019-06-11,F,Full-time,
E03099,2024-05-30,M,Full-time,2025-12-31
E03100,2024-03-09,M,Full-time,
E03101,2021-10-28,M,Full-time,
E03102,2020-04-25,M,Full-time,
E03103,2020-06-14,F,Full-time,
E03104,2023-09-30,M,Full-time,
E03105,2024-01-28,M,Part-time,
E03106,2020-07-24,F,Full-time,
E03107,2021-07-08,F,Full-time,
E03108,2021-09-01,F,Full-time,
E03109,2023-09-26,F,Full-time,2025-09-30
E03110,2018-06-06,M,Full-time,
E03111,2017-09-30,F,Full-time,
E03112,2022-03-24,M,Full-time,
E03113,2021-08-16,F,Full-time,2025-11-30
E03114,2019-07-02,F,Full-time,
E03115,2018-07-02,F,Full-time,
E03116,2023-01-07,M,Full-time,
E03117,2019-01-29,F,Full-time,
E03118,2022-01-19,M,Full-time,2024-11-30
E03119,2021-06-10,M,Full-time,2026-03-31
E03120,2022-11-19,M,Full-time,
E03121,2022-06-29,F,Full-time,2025-08-31
E03122,2020-12-31,F,Full-time,
E03123,2021-11-19,F,Full-time,
E03124,2020-02-08,M,Full-time,
E03125,2018-07-17,M,Full-time,
E03126,2021-12-12,M,Full-time,
E03127,2021-03-02,F,Full-time,
E03128,2023-09-17,M,Full-time,2024-11-30
E03129,2021-07-16,F,Full-time,2025-03-31
E03130,2020-02-14,M,Full-time,2025-04-30
E03131,2024-04-22,M,Full-time,2025-01-31
E03132,2022-11-24,M,Full-time,
E03133,2023-10-16,F,Full-time,
E03134,2021-07-22,F,Full-time,2025-04-30
E03135,2022-12-22,M,Full-time,2024-12-31
E03136,2021-10-07,M,Full-time,
E03137,2023-05-10,M,Full-time,
E03138,2024-03-04,F,Full-time,2025-01-31
E03139,2023-05-05,F,Full-time,
E03140,2024-01-14,F,Full-time,
E03141,2017-02-28,M,Full-time,
E03142,2021-07-08,F,Full-time,
E03143,2023-04-26,F,Full-time,2026-06-30
E03144,2023-09-17,F,Full-time,2025-03-31
E03145,2023-04-25,M,Full-time,2026-02-28
E03146,2020-10-19,M,Full-time,
E03147,2020-07-15,M,Full-time,
E03148,2022-05-24,M,Part-time,
E03149,2024-03-09,M,Full-time,2025-02-28
E03150,2023-03-19,F,Full-time,
E03151,2009-08-21,F,Full-time,
E03152,2023-08-10,M,Full-time,
E03153,2022-06-19,M,Full-time,2025-08-31
E03154,2017-08-06,M,Full-time,
E03155,2020-09-10,M,Full-time,
E03156,2024-01-21,M,Full-time,
E03157,2021-06-30,N,Full-time,
E03158,2021-08-31,F,Full-time,
E03159,2020-10-16,F,Full-time,
E03160,2022-03-28,M,Full-time,
E03161,2023-03-01,F,Full-time,
E03162,2020-06-20,F,Full-time,
E03163,2024-02-14,M,Full-time,
E03164,2023-01-02,F,Full-time,2024-09-30
E03165,2022-12-30,M,Part-time,
E03166,2024-07-24,M,Full-time,
E03167,2023-01-25,F,Full-time,
E03168,2023-01-08,M,Full-time,
E03169,2022-05-10,M,Full-time,
E03170,2023-01-07,F,Full-time,
E03171,2019-05-03,F,Full-time,
E03172,2019-12-02,M,Full-time,
E03173,2011-09-05,F,Full-time,2025-02-28
E03174,2019-01-21,F,Full-time,
E03175,2023-05-20,F,Full-time,
E03176,2023-01-30,M,Part-time,2025-12-31
E03177,2020-05-18,M,Full-time,
E03178,2019-11-20,F,Part-time,
E03179,2021-12-04,F,Full-time,2025-02-28
E03180,2022-01-13,M,Full-time,
E03181,2023-11-30,M,Full-time,
E03182,2020-08-24,F,Full-time,
E03183,2019-06-19,M,Full-time,
E03184,2023-10-18,F,Full-time,
E03185,2020-10-25,F,Full-time,2026-04-30
E03186,2021-02-25,M,Full-time,
E03187,2014-07-25,F,Full-time,
E03188,2022-12-04,F,Full-time,
E03189,2018-10-22,F,Full-time,
E03190,2022-06-06,F,Full-time,
E03191,2023-11-19,F,Part-time,
E03192,2013-10-27,F,Full-time,
E03193,2022-07-13,M,Full-time,
E03194,2021-01-25,F,Full-time,
E03195,2021-09-09,F,Full-time,
E03196,2023-12-03,F,Full-time,
E03197,2020-08-04,M,Full-time,
E03198,2023-08-18,M,Full-time,
E03199,2019-07-05,F,Full-time,2026-03-31
E03200,2021-01-04,M,Full-time,
E03201,2015-08-22,M,Full-time,
E03202,2022-01-09,M,Full-time,
E03203,2023-04-30,F,Full-time,2025-06-30
E03204,2021-03-31,F,Full-time,
E03205,2008-09-30,F,Full-time,2025-09-30
E03206,2022-03-17,M,Full-time,
E03207,2019-07-12,F,Full-time,
E03208,2020-04-24,F,Full-time,
E03209,2023-06-18,F,Full-time,
E03210,2021-04-06,M,Full-time,
E03211,2023-06-01,F,Full-time,
E03212,2021-11-02,F,Full-time,
E03213,2023-07-25,F,Full-time,
E03214,2021-11-07,F,Full-time,2024-10-31
E03215,2024-05-12,M,Full-time,2024-12-31
E03216,2024-06-05,M,Full-time,
E03217,2023-02-04,M,Full-time,
E03218,2024-01-04,F,Full-time,
E03219,2020-10-30,F,Full-time,
E03220,2023-10-16,N,Full-time,
E03221,2018-04-05,M,Full-time,
E03222,2023-12-02,M,Full-time,
E03223,2021-05-18,M,Part-time,2024-09-30
E03224,2022-10-21,M,Full-time,
E03225,2022-01-22,F,Full-time,
E03226,2023-10-15,M,Full-time,2026-05-31
E03227,2023-05-24,F,Full-time,
E03228,2023-10-22,M,Full-time,
E03229,2023-10-02,M,Full-time,
E03230,2022-07-27,F,Full-time,
E03231,2023-01-22,F,Full-time,2025-03-31
E03232,2022-10-23,M,Full-time,
E03233,2020-06-16,F,Full-time,
E03234,2024-05-01,M,Full-time,
E03235,2024-01-05,M,Full-time,2026-04-30
E03236,2023-10-30,M,Full-time,
E03237,2017-01-07,F,Full-time,
E03238,2019-09-05,M,Full-time,2026-06-30
E03239,2018-09-17,M,Full-time,
E03240,2021-01-16,F,Full-time,
E03241,2022-08-13,F,Full-time,
E03242,2022-01-28,M,Full-time,
E03243,2021-12-18,F,Full-time,
E03244,2023-05-12,M,Full-time,2026-04-30
E03245,2024-03-22,F,Full-time,2024-11-30
E03246,2024-08-01,M,Full-time,2026-05-31
E03247,2022-05-08,F,Full-time,
E03248,2022-03-04,F,Full-time,2024-09-30
E03249,2024-03-09,F,Full-time,
E03250,2020-06-15,F,Full-time,
E03251,2023-06-06,M,Full-time,
E03252,2022-04-05,M,Part-time,
E03253,2021-01-03,F,Full-time,
E03254,2023-12-01,M,Full-time,
E03255,2023-06-22,M,Full-time,2024-09-30
E03256,2018-12-24,F,Full-time,
E03257,2018-06-29,M,Full-time,
E03258,2019-06-09,F,Full-time,
E03259,2019-08-27,F,Full-time,
E03260,2020-02-22,F,Full-time,
E03261,2022-03-28,M,Full-time,
E03262,2020-10-02,F,Full-time,
E03263,2018-01-22,M,Full-time,
E03264,2008-11-23,F,Full-time,
E03265,2015-11-12,F,Full-time,2025-07-31
E03266,2019-08-08,M,Part-time,
E03267,2018-04-05,M,Full-time,
E03268,2018-10-25,M,Full-time,
E03269,2021-08-30,M,Full-time,
E03270,2022-06-15,M,Full-time,
E03271,2021-02-10,F,Full-time,
E03272,2023-01-11,M,Full-time,
E03273,2020-05-12,F,Full-time,
E03274,2022-08-18,F,Part-time,
E03275,2014-11-13,M,Full-time,
E03276,2024-02-01,M,Full-time,
E03277,2022-03-07,M,Full-time,
E03278,2014-05-03,F,Full-time,
E03279,2021-12-15,F,Full-time,2025-02-28
E03280,2018-04-22,M,Full-time,2025-02-28
E03281,2021-06-18,F,Full-time,
E03282,2014-03-08,M,Full-time,2026-02-28
E03283,2022-08-10,F,Full-time,
E03284,2024-03-18,M,Full-time,
E03285,2022-05-14,M,Full-time,
E03286,2017-03-20,M,Full-time,
E03287,2018-06-05,F,Full-time,
E03288,2023-12-18,M,Full-time,2025-07-31
E03289,2021-08-29,F,Full-time,2024-11-30
E03290,2020-12-10,F,Full-time,
E03291,2024-03-21,M,Full-time,2024-09-30
E03292,2020-09-27,M,Full-time,
E03293,2022-12-26,F,Full-time,
E03294,2023-06-06,F,Full-time,2024-10-31
E03295,2017-08-25,M,Full-time,2025-02-28
E03296,2023-09-18,M,Full-time,
E03297,2018-04-01,F,Full-time,
E03298,2021-01-22,F,Full-time,2025-05-31
E03299,2022-01-08,M,Full-time,
E03300,2015-09-09,M,Full-time,
E03301,2024-08-27,F,Full-time,2025-07-31
E03302,2024-07-14,F,Full-time,
E03303,2022-12-15,F,Full-time,
E03304,2023-05-10,M,Full-time,
E03305,2023-01-10,F,Full-time,2024-12-31
E03306,2024-03-19,F,Full-time,
E03307,2021-11-01,F,Full-time,
E03308,2022-07-31,M,Full-time,
E03309,2024-07-06,M,Full-time,
E03310,2023-03-18,M,Part-time,2024-09-30
E03311,2022-08-14,M,Full-time,
E03312,2023-01-31,F,Full-time,
E03313,2020-11-29,F,Full-time,
E03314,2023-04-24,F,Full-time,
E03315,2021-09-27,M,Full-time,
E03316,2023-05-17,M,Full-time,2026-08-31
E03317,2023-10-19,F,Full-time,
E03318,2022-12-27,M,Full-time,
E03319,2018-07-18,M,Full-time,
E03320,2018-02-07,F,Full-time,2026-04-30
E03321,2021-12-01,F,Full-time,
E03322,2019-08-21,M,Full-time,
E03323,2022-07-03,M,Full-time,2025-04-30
E03324,2021-07-25,F,Full-time,
E03325,2023-04-15,M,Part-time,
E03326,2022-12-01,F,Full-time,2024-11-30
E03327,2020-11-28,F,Full-time,
E03328,2021-03-20,F,Full-time,
E03329,2018-01-17,M,Full-time,
E03330,2022-05-03,F,Full-time,
E03331,2015-10-25,M,Full-time,2025-06-30
E03332,2022-08-04,M,Full-time,2025-04-30
E03333,2020-06-09,M,Full-time,2025-01-31
E03334,2024-03-17,F,Full-time,
E03335,2021-09-12,F,Full-time,
E03336,2023-11-05,M,Full-time,
E03337,2021-03-05,M,Full-time,
E03338,2023-05-09,M,Full-time,
E03339,2024-04-01,M,Full-time,
E03340,2023-12-14,F,Full-time,2024-10-31
E03341,2020-12-13,M,Full-time,2025-11-30
E03342,2018-04-05,F,Full-time,
E03343,2024-04-04,F,Full-time,2025-08-31
E03344,2019-05-11,F,Full-time,
E03345,2024-07-01,F,Full-time,
E03346,2018-02-13,M,Full-time,
E03347,2021-12-10,M,Full-time,
E03348,2024-02-10,F,Full-time,
E03349,2024-01-24,F,Full-time,
E03350,2023-11-10,M,Full-time,
E03351,2017-03-26,M,Full-time,
E03352,2023-11-12,M,Full-time,
E03353,2019-07-07,M,Full-time,
E03354,2019-12-22,F,Full-time,
E03355,2019-07-02,F,Full-time,
E03356,2023-04-23,M,Full-time,
E03357,2020-02-06,M,Full-time,
E03358,2018-02-23,F,Full-time,
E03359,2021-10-01,F,Full-time,
E03360,2022-10-13,M,Full-time,
E03361,2020-07-19,F,Full-time,
E03362,2020-09-09,F,Full-time,
E03363,2021-01-02,N,Full-time,
E03364,2020-06-29,M,Full-time,
E03365,2020-04-20,M,Full-time,
E03366,2021-05-18,M,Full-time,
E03367,2022-11-13,F,Part-time,2025-06-30
E03368,2017-12-08,M,Full-time,
E03369,2019-07-13,F,Full-time,2026-08-31
E03370,2020-12-23,M,Full-time,
E03371,2023-02-10,F,Full-time,
E03372,2022-01-23,M,Full-time,
E03373,2021-09-03,M,Full-time,2025-06-30
E03374,2022-10-25,F,Full-time,2026-06-30
E03375,2018-11-24,M,Full-time,
E03376,2019-11-17,M,Full-time,2025-01-31
E03377,2018-05-07,F,Full-time,
E03378,2024-02-19,M,Full-time,2025-03-31
E03379,2024-02-25,F,Full-time,
E03380,2022-03-24,M,Full-time,
E03381,2021-02-17,F,Full-time,
E03382,2023-07-17,F,Full-time,
E03383,2021-07-19,F,Full-time,
E03384,2021-11-14,F,Full-time,
E03385,2020-10-13,M,Full-time,
E03386,2014-03-08,F,Full-time,
E03387,2021-09-04,F,Full-time,
E03388,2023-03-05,F,Full-time,
E03389,2023-05-21,M,Full-time,
E03390,2023-07-23,M,Full-time,
E03391,2017-02-24,F,Part-time,2026-01-31
E03392,2022-12-02,F,Part-time,
E03393,2019-08-01,F,Full-time,
E03394,2022-04-28,M,Full-time,
E03395,2019-02-26,F,Full-time,
E03396,2022-01-31,F,Full-time,2025-04-30
E03397,2023-02-04,F,Full-time,2026-05-31
E03398,2022-03-17,F,Full-time,
E03399,2023-12-03,F,Part-time,
E03400,2020-10-29,M,Full-time,
E03401,2023-03-14,F,Full-time,2025-10-31
E03402,2022-10-07,M,Full-time,
E03403,2019-01-10,M,Full-time,
E03404,2020-09-19,F,Full-time,2025-04-30
E03405,2023-07-23,M,Full-time,
E03406,2023-04-19,M,Full-time,
E03407,2019-12-12,M,Full-time,
E03408,2021-10-21,M,Full-time,
E03409,2020-03-19,F,Full-time,2025-11-30
E03410,2022-05-24,M,Full-time,2024-10-31
E03411,2022-07-18,M,Full-time,
E03412,2021-12-03,M,Full-time,
E03413,2021-12-10,N,Full-time,
E03414,2019-12-31,M,Full-time,
E03415,2024-05-22,M,Full-time,2026-04-30
E03416,2019-09-04,M,Part-time,
E03417,2022-03-11,M,Full-time,
E03418,2023-02-06,M,Full-time,
E03419,2020-05-11,M,Full-time,
E03420,2022-01-22,M,Full-time,
E03421,2019-12-14,M,Full-time,
E03422,2022-07-17,F,Part-time,2026-01-31
E03423,2020-10-18,F,Full-time,
E03424,2023-02-06,F,Full-time,
E03425,2022-07-28,M,Full-time,
E03426,2022-01-17,M,Full-time,
E03427,2023-06-11,M,Full-time,
E03428,2021-10-05,M,Full-time,
E03429,2023-11-04,F,Part-time,
E03430,2022-02-23,M,Full-time,
E03431,2019-10-20,F,Full-time,2026-01-31
E03432,2022-12-05,F,Full-time,
E03433,2023-06-06,M,Full-time,
E03434,2022-03-08,F,Full-time,2025-06-30
E03435,2021-02-10,F,Full-time,
E03436,2020-02-08,M,Full-time,
E03437,2022-06-26,M,Full-time,
E03438,2016-08-12,F,Full-time,
E03439,2023-04-13,F,Full-time,
E03440,2014-04-15,M,Full-time,
E03441,2019-11-20,M,Full-time,
E03442,2023-09-03,M,Full-time,2025-04-30
E03443,2023-02-05,M,Full-time,2025-11-30
E03444,2017-12-29,F,Full-time,2026-05-31
E03445,2022-10-19,M,Full-time,
E03446,2023-03-13,M,Full-time,
E03447,2019-10-05,M,Full-time,2025-05-31
E03448,2022-09-21,F,Full-time,
E03449,2022-03-10,F,Full-time,
E03450,2024-02-07,M,Full-time,
E03451,2022-05-03,F,Full-time,
E03452,2023-01-14,F,Full-time,
E03453,2021-04-05,M,Part-time,
E03454,2023-08-11,M,Full-time,
E03455,2022-12-23,M,Full-time,
E03456,2023-04-30,F,Full-time,
E03457,2015-09-08,M,Full-time,2025-02-28
E03458,2024-01-07,F,Full-time,2026-02-28
E03459,2019-06-28,F,Full-time,
E03460,2018-03-25,F,Full-time,
E03461,2023-10-19,F,Full-time,
E03462,2023-05-20,M,Full-time,
E03463,2021-10-03,M,Full-time,
E03464,2022-04-15,F,Full-time,
E03465,2017-09-18,F,Full-time,
E03466,2019-08-13,F,Full-time,
E03467,2014-09-03,M,Full-time,
E03468,2020-01-27,M,Full-time,
E03469,2022-10-28,M,Full-time,
E03470,2018-04-23,M,Full-time,
E03471,2023-03-17,F,Full-time,
E03472,2022-10-16,M,Full-time,
E03473,2012-12-31,F,Full-time,
E03474,2021-01-09,F,Full-time,
E03475,2023-07-05,M,Full-time,
E03476,2022-08-20,M,Full-time,
E03477,2014-05-08,M,Full-time,
E03478,2023-06-13,F,Full-time,
E03479,2021-12-01,M,Full-time,
E03480,2020-02-03,M,Full-time,2025-03-31
E03481,2018-12-06,M,Full-time,
E03482,2022-11-27,M,Part-time,2025-10-31
E03483,2019-12-06,F,Full-time,2025-02-28
E03484,2022-04-21,M,Full-time,
E03485,2022-05-08,M,Full-time,
E03486,2023-01-02,M,Full-time,
E03487,2024-05-31,M,Full-time,
E03488,2021-01-23,F,Full-time,2026-06-30
E03489,2023-10-06,F,Full-time,
E03490,2022-01-02,M,Full-time,
E03491,2021-12-01,M,Part-time,
E03492,2021-09-09,F,Full-time,
E03493,2023-02-13,F,Full-time,
E03494,2021-05-14,M,Full-time,
E03495,2021-09-25,M,Full-time,
E03496,2022-02-20,M,Full-time,
E03497,2023-02-21,M,Full-time,
E03498,2019-02-05,F,Full-time,
E03499,2022-10-21,M,Full-time,2025-07-31
E03500,2023-10-12,M,Full-time,2026-02-28
E03501,2021-07-28,M,Full-time,
E03502,2024-02-01,M,Part-time,
E03503,2024-06-21,M,Full-time,
E03504,2021-10-29,M,Full-time,
E03505,2024-04-16,M,Full-time,
E03506,2023-11-02,F,Full-time,2026-03-31
E03507,2022-07-19,F,Full-time,
E03508,2022-01-21,F,Full-time,2026-05-31
E03509,2018-06-18,F,Full-time,
E03510,2022-11-06,F,Full-time,2026-08-31
E03511,2019-04-29,F,Full-time,
E03512,2019-03-23,M,Full-time,
E03513,2020-12-17,M,Full-time,
E03514,2018-09-30,F,Full-time,2025-05-31
E03515,2024-02-06,M,Full-time,2025-12-31
E03516,2023-07-01,F,Full-time,2025-09-30
E03517,2019-10-10,F,Full-time,
E03518,2023-09-21,F,Full-time,2026-06-30
E03519,2022-06-25,F,Full-time,2025-02-28
E03520,2021-08-04,F,Full-time,
E03521,2024-04-23,F,Full-time,
E03522,2023-07-26,F,Full-time,
E03523,2021-03-05,F,Full-time,
E03524,2023-09-29,M,Full-time,
E03525,2019-02-13,F,Full-time,2025-11-30
E03526,2018-02-03,F,Full-time,
E03527,2021-11-03,M,Part-time,
E03528,2024-04-10,F,Full-time,
E03529,2020-12-09,F,Full-time,
E03530,2023-02-17,M,Full-time,
E03531,2022-01-18,F,Full-time,
E03532,2020-02-11,F,Full-time,
E03533,2013-12-27,N,Full-time,2026-01-31
E03534,2022-07-31,F,Full-time,
E03535,2022-06-17,F,Full-time,2026-06-30
E03536,2023-07-09,F,Full-time,
E03537,2022-06-01,M,Full-time,2025-09-30
E03538,2020-01-22,M,Full-time,
E03539,2023-05-01,F,Full-time,
E03540,2010-12-23,M,Part-time,
E03541,2021-03-31,M,Part-time,
E03542,2022-05-17,F,Full-time,
E03543,2021-09-01,M,Full-time,
E03544,2023-01-27,M,Full-time,
E03545,2023-03-03,M,Full-time,
E03546,2024-08-19,M,Full-time,
E03547,2022-02-22,M,Full-time,
E03548,2012-10-02,F,Full-time,2025-10-31
E03549,2019-12-28,F,Full-time,
E03550,2021-12-02,F,Part-time,
E03551,2022-05-19,M,Full-time,
E03552,2023-05-02,F,Full-time,
E03553,2022-12-13,M,Full-time,
E03554,2022-06-03,F,Full-time,2024-09-30
E03555,2024-01-03,F,Full-time,
E03556,2024-01-19,F,Full-time,
E03557,2020-03-26,F,Full-time,
E03558,2018-10-03,M,Full-time,
E03559,2021-01-05,F,Part-time,
E03560,2021-12-14,M,Full-time,
E03561,2022-05-31,M,Full-time,2026-03-31
E03562,2022-06-16,M,Full-time,
E03563,2016-06-19,M,Full-time,
E03564,2023-07-08,M,Full-time,
E03565,2020-09-30,M,Full-time,
E03566,2022-05-28,M,Full-time,
E03567,2022-12-03,M,Full-time,
E03568,2023-12-22,F,Full-time,
E03569,2022-07-01,F,Part-time,2025-08-31
E03570,2020-11-28,M,Full-time,2026-03-31
E03571,2019-06-20,M,Full-time,2024-09-30
E03572,2017-06-11,M,Full-time,
E03573,2023-12-14,M,Full-time,
E03574,2021-11-14,F,Full-time,
E03575,2022-03-12,M,Full-time,
E03576,2022-11-08,M,Full-time,
E03577,2023-02-06,M,Full-time,2026-02-28
E03578,2022-11-12,F,Full-time,
E03579,2020-05-16,F,Full-time,
E03580,2022-05-24,F,Full-time,2025-02-28
E03581,2015-01-03,F,Full-time,2024-11-30
E03582,2023-11-13,F,Full-time,
E03583,2019-12-08,M,Full-time,
E03584,2023-07-04,F,Full-time,
E03585,2022-12-26,F,Full-time,
E03586,2022-12-07,M,Full-time,
E03587,2022-11-30,F,Full-time,
E03588,2021-08-05,M,Full-time,
E03589,2023-08-08,F,Part-time,2025-01-31
E03590,2024-03-09,F,Full-time,
E03591,2023-05-27,M,Full-time,
E03592,2019-08-20,F,Full-time,
E03593,2021-05-06,F,Full-time,
E03594,2023-02-13,F,Full-time,
E03595,2019-11-12,F,Full-time,
E03596,2024-02-16,F,Full-time,
E03597,2020-12-16,M,Full-time,2025-07-31
E03598,2023-07-02,M,Full-time,
E03599,2023-03-05,M,Full-time,
E03600,2022-05-05,M,Full-time,
E03601,2022-06-30,F,Full-time,
E03602,2022-12-08,F,Full-time,
E03603,2023-09-11,M,Full-time,
E03604,2022-02-04,F,Full-time,
E03605,2022-01-05,M,Full-time,
E03606,2023-10-21,F,Full-time,
E03607,2021-09-07,M,Full-time,
E03608,2021-09-06,F,Full-time,
E03609,2024-01-25,M,Full-time,
E03610,2021-07-05,F,Full-time,
E03611,2022-10-26,F,Full-time,
E03612,2024-05-19,M,Full-time,2025-07-31
E03613,2023-12-11,F,Full-time,
E03614,2024-06-25,F,Full-time,2025-02-28
E03615,2021-07-11,M,Full-time,
E03616,2020-11-28,F,Full-time,
E03617,2020-11-12,F,Full-time,
E03618,2023-07-14,M,Full-time,2025-07-31
E03619,2023-09-05,M,Full-time,
E03620,2023-12-12,M,Full-time,
E03621,2023-06-08,F,Full-time,
E03622,2016-04-27,M,Full-time,2025-12-31
E03623,2022-02-14,F,Full-time,
E03624,2018-04-30,M,Full-time,
E03625,2019-11-21,F,Full-time,2025-11-30
E03626,2019-03-30,M,Full-time,
E03627,2018-10-17,F,Full-time,
E03628,2023-08-24,F,Full-time,
E03629,2018-02-13,M,Full-time,
E03630,2020-03-01,F,Full-time,
E03631,2020-06-02,M,Full-time,2025-12-31
E03632,2022-08-28,M,Full-time,2026-03-31
E03633,2023-08-21,M,Full-time,2025-03-31
E03634,2022-10-22,M,Full-time,
E03635,2020-01-26,M,Full-time,
E03636,2023-09-15,M,Full-time,
E03637,2022-11-29,M,Full-time,
E03638,2017-07-15,M,Full-time,
E03639,2022-01-11,M,Full-time,2025-06-30
E03640,2018-03-02,M,Full-time,
E03641,2020-11-04,F,Full-time,
E03642,2021-08-02,F,Full-time,
E03643,2024-01-24,M,Full-time,2025-12-31
E03644,2020-06-15,F,Full-time,
E03645,2020-11-03,F,Full-time,
E03646,2024-09-12,F,Full-time,
E03647,2023-02-05,M,Full-time,
E03648,2023-06-22,M,Full-time,
E03649,2019-10-30,F,Full-time,2026-02-28
E03650,2022-02-09,M,Full-time,
E03651,2020-02-04,M,Full-time,
E03652,2024-05-24,M,Full-time,2025-01-31
E03653,2021-05-07,M,Full-time,2024-11-30
E03654,2022-10-16,F,Full-time,
E03655,2021-01-02,M,Full-time,
E03656,2020-10-29,M,Full-time,
E03657,2014-05-27,F,Full-time,
E03658,2021-11-15,M,Full-time,2025-01-31
E03659,2021-02-19,M,Full-time,
E03660,2023-01-22,N,Full-time,
E03661,2018-01-17,M,Part-time,
E03662,2021-05-14,M,Full-time,2024-10-31
E03663,2021-10-18,M,Full-time,2024-09-30
E03664,2023-09-03,F,Part-time,
E03665,2015-04-05,M,Full-time,2025-05-31
E03666,2024-01-16,F,Full-time,
E03667,2019-10-12,F,Part-time,
E03668,2019-02-02,M,Full-time,
E03669,2024-01-19,M,Full-time,
E03670,2019-08-12,M,Full-time,
E03671,2021-07-21,M,Full-time,
E03672,2018-07-15,M,Full-time,
E03673,2022-12-01,F,Full-time,2025-02-28
E03674,2022-06-01,M,Full-time,
E03675,2019-03-23,F,Full-time,
E03676,2021-02-12,M,Full-time,
E03677,2013-07-16,F,Full-time,
E03678,2022-03-29,F,Full-time,
E03679,2015-11-15,M,Full-time,2024-11-30
E03680,2020-06-19,F,Full-time,
E03681,2019-09-28,M,Full-time,2025-04-30
E03682,2023-04-20,F,Full-time,
E03683,2023-05-21,M,Full-time,
E03684,2016-01-27,M,Full-time,
E03685,2021-08-01,F,Part-time,2025-09-30
E03686,2019-06-11,F,Full-time,2025-01-31
E03687,2021-08-13,F,Full-time,
E03688,2016-09-02,F,Full-time,
E03689,2023-10-01,M,Full-time,
E03690,2019-04-24,M,Full-time,2026-03-31
E03691,2022-01-06,M,Full-time,
E03692,2017-02-07,M,Full-time,
E03693,2022-06-03,M,Full-time,
E03694,2023-06-04,M,Full-time,
E03695,2022-03-11,M,Full-time,2026-06-30
E03696,2021-09-22,F,Full-time,
E03697,2023-05-25,F,Full-time,
E03698,2018-06-21,F,Part-time,
E03699,2018-09-30,M,Full-time,
E03700,2022-10-30,M,Full-time,
E03701,2023-01-08,F,Part-time,2025-02-28
E03702,2018-10-20,F,Full-time,
E03703,2023-04-16,F,Full-time,
E03704,2019-03-03,F,Full-time,
E03705,2024-06-01,F,Full-time,
E03706,2021-02-13,M,Full-time,
E03707,2023-12-22,F,Full-time,
E03708,2023-08-07,F,Full-time,2025-04-30
E03709,2023-04-21,M,Full-time,
E03710,2021-03-19,M,Full-time,
E03711,2023-04-18,F,Full-time,
E03712,2019-12-11,M,Full-time,
E03713,2021-10-06,F,Full-time,
E03714,2023-03-12,F,Full-time,2026-01-31
E03715,2020-07-13,M,Full-time,
E03716,2021-08-17,F,Full-time,
E03717,2022-12-29,F,Full-time,2024-10-31
E03718,2022-04-17,M,Full-time,
E03719,2018-01-12,M,Full-time,
E03720,2020-12-26,F,Full-time,2026-01-31
E03721,2022-02-23,F,Full-time,2026-06-30
E03722,2020-08-31,M,Full-time,
E03723,2015-02-13,F,Full-time,
E03724,2023-03-13,F,Full-time,2025-01-31
E03725,2023-12-14,M,Full-time,
E03726,2020-09-09,F,Full-time,
E03727,2021-02-10,F,Full-time,
E03728,2024-04-01,F,Full-time,
E03729,2023-01-10,F,Full-time,
E03730,2019-08-19,M,Full-time,2024-10-31
E03731,2024-03-30,M,Full-time,
E03732,2022-09-22,M,Full-time,2025-02-28
E03733,2020-04-30,M,Full-time,2024-10-31
E03734,2019-02-22,M,Full-time,
E03735,2021-06-23,F,Full-time,
E03736,2021-08-18,M,Full-time,
E03737,2023-01-07,M,Full-time,
E03738,2022-03-17,F,Full-time,2025-10-31
E03739,2021-12-02,M,Full-time,
E03740,2020-04-01,M,Full-time,
E03741,2022-09-17,M,Full-time,
E03742,2020-11-10,M,Full-time,
E03743,2023-06-02,F,Full-time,2025-03-31
E03744,2019-11-01,M,Full-time,
E03745,2021-10-13,M,Full-time,2026-03-31
E03746,2021-09-25,M,Full-time,
E03747,2023-03-26,F,Full-time,2026-01-31
E03748,2016-01-01,M,Full-time,
E03749,2023-02-23,M,Full-time,
E03750,2022-05-15,M,Full-time,2026-02-28
E03751,2021-04-05,M,Full-time,2025-06-30
E03752,2018-11-27,F,Full-time,
E03753,2020-08-23,M,Full-time,
E03754,2022-11-05,M,Full-time,
E03755,2023-05-03,M,Full-time,2026-05-31
E03756,2022-11-01,F,Full-time,
E03757,2016-07-08,M,Full-time,
E03758,2019-09-26,F,Full-time,2026-02-28
E03759,2023-04-15,M,Full-time,
E03760,2016-08-15,M,Full-time,
E03761,2018-03-24,M,Full-time,
E03762,2017-09-24,F,Full-time,2026-05-31
E03763,2023-01-26,M,Full-time,
E03764,2022-04-09,F,Full-time,
E03765,2015-01-22,M,Full-time,
E03766,2013-12-25,M,Full-time,
E03767,2023-06-08,M,Full-time,
E03768,2022-11-11,M,Full-time,2026-08-31
E03769,2021-08-09,N,Full-time,
E03770,2024-08-23,F,Full-time,
E03771,2018-10-24,M,Full-time,
E03772,2023-06-12,M,Full-time,2025-07-31
E03773,2023-08-01,F,Full-time,
E03774,2022-02-20,M,Full-time,
E03775,2023-06-08,F,Full-time,
E03776,2017-06-29,M,Full-time,2025-09-30
E03777,2023-11-03,M,Full-time,2026-07-31
E03778,2021-05-30,M,Full-time,2025-08-31
E03779,2009-12-04,F,Full-time,2025-02-28
E03780,2022-12-24,F,Full-time,
E03781,2018-04-29,F,Full-time,
E03782,2019-08-01,F,Part-time,
E03783,2019-12-09,N,Full-time,
E03784,2021-04-13,M,Part-time,
E03785,2024-04-11,F,Full-time,2024-11-30
E03786,2021-07-29,M,Full-time,2025-11-30
E03787,2023-06-20,F,Full-time,
E03788,2017-06-27,F,Full-time,2025-08-31
E03789,2018-05-25,M,Full-time,
E03790,2023-01-03,F,Full-time,2025-03-31
E03791,2021-03-04,F,Full-time,
E03792,2022-12-02,M,Full-time,
E03793,2022-03-28,F,Full-time,
E03794,2017-10-28,F,Full-time,
E03795,2021-10-13,F,Full-time,
E03796,2021-10-02,F,Full-time,
E03797,2022-12-27,M,Full-time,
E03798,2022-12-17,M,Full-time,2025-07-31
E03799,2022-12-04,F,Full-time,2025-05-31
E03800,2022-09-02,M,Full-time,
E03801,2020-03-07,F,Full-time,
E03802,2019-11-07,M,Full-time,
E03803,2021-10-01,M,Full-time,
E03804,2022-10-17,F,Full-time,
E03805,2023-07-21,M,Part-time,
E03806,2021-09-26,M,Full-time,
E03807,2021-02-26,M,Full-time,
E03808,2015-01-16,M,Full-time,
E03809,2023-01-18,M,Full-time,
E03810,2020-12-17,M,Full-time,
E03811,2021-11-25,F,Full-time,
E03812,2021-11-21,M,Full-time,
E03813,2021-08-30,M,Full-time,
E03814,2022-05-20,F,Full-time,
E03815,2019-08-12,F,Full-time,
E03816,2022-04-19,M,Full-time,
E03817,2016-06-10,F,Full-time,
E03818,2021-05-12,M,Full-time,
E03819,2017-08-21,M,Full-time,
E03820,2022-05-13,F,Full-time,
E03821,2023-05-01,F,Full-time,
E03822,2020-10-26,F,Part-time,
E03823,2021-11-19,F,Full-time,
E03824,2020-11-28,M,Full-time,
E03825,2024-02-26,F,Full-time,2024-11-30
E03826,2023-05-10,F,Full-time,
E03827,2023-08-14,F,Full-time,
E03828,2023-03-02,F,Part-time,
E03829,2017-08-13,M,Full-time,
E03830,2018-09-13,F,Full-time,
E03831,2020-02-15,M,Full-time,
E03832,2020-10-31,M,Full-time,
E03833,2021-09-03,F,Full-time,
E03834,2020-04-05,F,Full-time,
E03835,2022-03-10,M,Full-time,
E03836,2023-06-26,F,Full-time,
E03837,2023-01-27,N,Full-time,
E03838,2022-04-07,F,Full-time,2024-11-30
E03839,2022-10-18,M,Full-time,
E03840,2015-08-20,F,Full-time,
E03841,2016-05-25,F,Full-time,
E03842,2020-02-06,M,Full-time,
E03843,2022-11-18,F,Full-time,
E03844,2022-11-08,F,Full-time,
E03845,2020-05-16,N,Full-time,
E03846,2023-06-28,M,Full-time,
E03847,2017-07-28,F,Full-time,
E03848,2020-09-11,F,Full-time,
E03849,2019-03-03,F,Full-time,
E03850,2022-11-04,M,Full-time,
E03851,2022-11-17,F,Part-time,
E03852,2023-09-27,M,Full-time,
E03853,2017-03-03,F,Full-time,2025-02-28
E03854,2022-06-10,F,Full-time,
E03855,2023-06-01,M,Full-time,
E03856,2021-05-13,M,Full-time,
E03857,2023-02-23,M,Full-time,2025-04-30
E03858,2016-07-09,F,Full-time,
E03859,2023-12-09,F,Full-time,
E03860,2020-10-07,F,Part-time,
E03861,2017-02-08,F,Full-time,2025-09-30
E03862,2021-07-06,F,Full-time,
E03863,2019-03-01,F,Full-time,
E03864,2021-08-15,M,Full-time,
E03865,2023-02-02,M,Full-time,
E03866,2022-09-02,M,Full-time,
E03867,2022-07-11,M,Full-time,
E03868,2023-01-19,F,Full-time,
E03869,2022-09-30,M,Full-time,2026-03-31
E03870,2015-09-14,M,Full-time,2024-11-30
E03871,2022-05-10,M,Full-time,
E03872,2023-03-11,M,Part-time,2026-08-31
E03873,2018-02-13,F,Full-time,
E03874,2020-05-03,F,Full-time,
E03875,2021-08-12,F,Full-time,
E03876,2020-09-17,F,Full-time,
E03877,2021-07-20,F,Full-time,
E03878,2020-10-13,F,Full-time,
E03879,2024-04-23,F,Part-time,
E03880,2024-04-06,F,Part-time,
E03881,2022-04-29,M,Full-time,
E03882,2017-06-21,M,Full-time,
E03883,2018-03-30,F,Part-time,2025-12-31
E03884,2020-02-10,F,Full-time,
E03885,2021-01-19,F,Full-time,
E03886,2022-12-14,M,Full-time,2025-07-31
E03887,2021-07-18,M,Full-time,
E03888,2022-11-27,M,Full-time,
E03889,2021-01-25,M,Full-time,
E03890,2021-12-17,M,Full-time,2025-09-30
E03891,2014-02-17,N,Full-time,
E03892,2021-05-16,F,Full-time,
E03893,2022-11-23,F,Full-time,2025-08-31
E03894,2015-10-02,M,Full-time,2026-02-28
E03895,2022-09-13,M,Full-time,
E03896,2017-07-01,M,Full-time,
E03897,2023-11-04,M,Full-time,
E03898,2018-07-19,M,Part-time,
E03899,2016-08-28,F,Full-time,
E03900,2021-04-02,F,Part-time,
E03901,2020-02-07,M,Full-time,
E03902,2012-01-28,M,Full-time,
E03903,2020-03-15,M,Full-time,
E03904,2022-11-26,F,Full-time,2025-03-31
E03905,2023-12-07,M,Full-time,
E03906,2020-11-11,M,Full-time,
E03907,2024-08-31,M,Full-time,
E03908,2018-11-14,M,Part-time,
E03909,2023-04-23,M,Full-time,2025-01-31
E03910,2023-03-17,F,Full-time,
E03911,2022-09-10,M,Full-time,
E03912,2023-04-18,M,Full-time,
E03913,2024-08-23,N,Full-time,
E03914,2023-03-13,F,Part-time,
E03915,2021-06-27,F,Full-time,2026-05-31
E03916,2016-07-24,M,Full-time,
E03917,2021-12-14,F,Full-time,2026-04-30
E03918,2018-07-08,M,Full-time,2026-07-31
E03919,2024-05-04,F,Full-time,2024-11-30
E03920,2020-09-08,M,Full-time,
E03921,2022-03-25,F,Full-time,
E03922,2021-04-17,M,Full-time,
E03923,2019-05-11,M,Full-time,
E03924,2017-04-04,F,Full-time,
E03925,2020-09-18,F,Full-time,
E03926,2016-07-10,F,Full-time,
E03927,2022-12-26,F,Full-time,2026-02-28
E03928,2023-10-10,M,Full-time,2025-03-31
E03929,2020-07-23,F,Full-time,
E03930,2019-12-11,F,Full-time,2024-10-31
E03931,2020-04-30,M,Full-time,
E03932,2021-11-11,M,Full-time,
E03933,2017-04-05,F,Full-time,
E03934,2018-08-27,M,Full-time,
E03935,2021-01-21,M,Part-time,
E03936,2019-08-04,M,Full-time,
E03937,2021-01-01,M,Part-time,2025-04-30
E03938,2018-08-31,M,Full-time,
E03939,2021-02-26,F,Full-time,
E03940,2020-10-27,M,Full-time,
E03941,2024-02-16,F,Full-time,
E03942,2019-02-18,M,Full-time,
E03943,2021-12-25,M,Full-time,2025-07-31
E03944,2023-12-29,F,Full-time,
E03945,2020-11-16,M,Full-time,2025-11-30
E03946,2020-12-21,F,Full-time,
E03947,2020-12-25,M,Full-time,2026-01-31
E03948,2023-09-29,M,Full-time,
E03949,2019-02-21,F,Full-time,
E03950,2008-09-30,M,Full-time,2026-03-31
E03951,2022-08-10,F,Full-time,
E03952,2024-01-30,M,Part-time,
E03953,2021-02-10,M,Full-time,
E03954,2021-09-22,F,Full-time,2026-02-28
E03955,2018-11-18,F,Full-time,
E03956,2019-06-24,F,Full-time,2025-10-31
E03957,2019-04-12,M,Full-time,
E03958,2022-06-29,F,Full-time,
E03959,2018-11-03,M,Full-time,
E03960,2018-03-21,M,Full-time,
E03961,2020-03-16,M,Full-time,
E03962,2020-02-26,M,Part-time,2025-05-31
E03963,2018-08-30,M,Full-time,
E03964,2021-01-14,M,Full-time,2026-04-30
E03965,2023-07-12,M,Full-time,
E03966,2016-01-14,M,Full-time,
E03967,2018-12-07,F,Full-time,
E03968,2021-09-29,M,Full-time,
E03969,2024-03-09,M,Full-time,
E03970,2022-05-18,F,Full-time,
E03971,2021-09-03,F,Full-time,
E03972,2021-07-16,M,Full-time,
E03973,2015-09-30,N,Full-time,2025-07-31
E03974,2020-05-16,M,Full-time,
E03975,2023-07-30,M,Full-time,2025-08-31
E03976,2020-08-07,F,Full-time,
E03977,2022-06-26,F,Full-time,
E03978,2022-10-15,M,Full-time,
E03979,2014-04-13,M,Full-time,
E03980,2024-01-24,M,Full-time,2025-10-31
E03981,2021-12-27,M,Full-time,2024-09-30
E03982,2023-05-24,M,Full-time,
E03983,2023-09-08,M,Full-time,2025-09-30
E03984,2020-04-12,M,Full-time,2025-03-31
E03985,2024-04-19,F,Full-time,2025-03-31
E03986,2017-03-29,F,Full-time,
E03987,2020-12-23,M,Part-time,
E03988,2019-07-05,M,Full-time,
E03989,2019-10-31,F,Full-time,
E03990,2023-10-28,F,Full-time,
E03991,2013-01-23,F,Full-time,
E03992,2014-05-29,M,Full-time,
E03993,2021-10-27,M,Full-time,
E03994,2022-05-07,F,Full-time,
E03995,2020-06-18,M,Full-time,
E03996,2021-10-22,M,Full-time,
E03997,2023-11-13,F,Full-time,
E03998,2021-09-08,F,Full-time,
E03999,2022-12-17,M,Full-time,
E04000,2021-12-17,M,Full-time,2025-01-31
E04001,2024-07-26,M,Full-time,
E04002,2022-04-01,M,Full-time,
E04003,2018-09-13,F,Full-time,
E04004,2020-12-17,F,Full-time,
E04005,2014-09-24,M,Full-time,2024-12-31
E04006,2020-12-22,M,Full-time,2024-09-30
E04007,2013-07-15,F,Full-time,
E04008,2019-05-02,M,Full-time,
E04009,2020-04-02,F,Full-time,
E04010,2022-12-26,M,Full-time,
E04011,2021-12-23,M,Full-time,
E04012,2019-09-24,M,Full-time,2026-03-31
E04013,2020-07-04,M,Full-time,2026-03-31
E04014,2018-09-13,F,Full-time,
E04015,2020-09-11,F,Full-time,
E04016,2020-06-25,F,Full-time,2026-08-31
E04017,2023-11-18,F,Full-time,2025-07-31
E04018,2019-08-04,M,Full-time,
E04019,2020-05-06,M,Full-time,
E04020,2023-10-03,N,Full-time,2026-04-30
E04021,2019-05-02,M,Full-time,2025-01-31
E04022,2022-03-21,M,Full-time,
E04023,2018-08-29,M,Full-time,
E04024,2019-07-15,F,Full-time,
E04025,2020-06-15,M,Full-time,
E04026,2023-07-01,M,Full-time,2026-07-31
E04027,2020-10-26,M,Full-time,
E04028,2017-05-17,M,Full-time,
E04029,2023-12-10,F,Full-time,
E04030,2023-05-07,F,Part-time,2025-05-31
E04031,2022-01-23,M,Full-time,
E04032,2022-09-05,F,Full-time,
E04033,2019-12-25,M,Full-time,2025-03-31
E04034,2023-03-26,F,Full-time,
E04035,2023-06-18,M,Full-time,2026-07-31
E04036,2023-01-08,F,Full-time,2026-05-31
E04037,2021-10-30,M,Full-time,
E04038,2022-08-27,F,Full-time,2026-08-31
E04039,2022-12-25,F,Full-time,2025-09-30
E04040,2017-12-21,M,Full-time,2026-06-30
E04041,2018-05-25,F,Full-time,
E04042,2021-05-06,M,Full-time,
E04043,2021-08-02,F,Full-time,
E04044,2023-05-28,M,Full-time,2026-04-30
E04045,2023-06-06,F,Full-time,
E04046,2019-08-31,M,Full-time,
E04047,2020-10-18,M,Full-time,
E04048,2018-03-20,M,Full-time,2026-07-31
E04049,2018-03-10,M,Full-time,
E04050,2023-11-15,F,Full-time,
E04051,2022-09-01,M,Full-time,
E04052,2021-06-23,F,Full-time,
E04053,2022-07-27,M,Full-time,
E04054,2018-02-04,M,Part-time,
E04055,2023-02-14,F,Full-time,2025-04-30
E04056,2023-05-11,F,Full-time,
E04057,2022-09-17,M,Full-time,
E04058,2020-12-05,F,Full-time,2025-07-31
E04059,2015-02-23,M,Full-time,2026-06-30
E04060,2022-11-28,M,Full-time,
E04061,2023-05-29,F,Full-time,2026-05-31
E04062,2021-03-07,N,Full-time,2025-07-31
E04063,2021-07-02,F,Full-time,2026-05-31
E04064,2023-07-02,F,Full-time,
E04065,2022-06-15,M,Full-time,
E04066,2023-05-24,F,Full-time,
E04067,2022-08-17,F,Full-time,
E04068,2023-06-27,F,Full-time,
E04069,2019-07-02,M,Full-time,
E04070,2018-09-22,M,Full-time,
E04071,2016-12-11,F,Full-time,2026-02-28
E04072,2021-02-28,M,Full-time,
E04073,2014-11-20,M,Part-time,
E04074,2022-10-30,F,Full-time,
E04075,2022-10-13,F,Part-time,
E04076,2021-07-04,F,Full-time,
E04077,2018-11-19,F,Full-time,
E04078,2016-04-25,M,Full-time,
E04079,2023-02-05,M,Full-time,
E04080,2019-09-23,M,Full-time,2025-07-31
E04081,2015-02-04,M,Full-time,
E04082,2020-09-10,F,Full-time,
E04083,2022-06-06,F,Full-time,
E04084,2014-10-29,F,Full-time,
E04085,2017-06-20,F,Full-time,
E04086,2022-05-28,M,Part-time,2025-10-31
E04087,2022-06-07,M,Full-time,2024-12-31
E04088,2024-06-15,F,Full-time,
E04089,2023-02-19,M,Full-time,
E04090,2021-01-29,M,Full-time,2024-09-30
E04091,2021-11-30,M,Full-time,
E04092,2019-06-18,F,Full-time,
E04093,2023-06-18,F,Full-time,
E04094,2019-01-30,F,Full-time,
E04095,2022-03-24,M,Full-time,2026-05-31
E04096,2019-02-14,M,Full-time,2026-07-31
E04097,2014-02-12,F,Full-time,2024-12-31
E04098,2020-03-01,M,Full-time,
E04099,2023-04-11,M,Full-time,2026-01-31
E04100,2020-11-28,M,Full-time,
E04101,2023-03-09,M,Full-time,
E04102,2018-04-27,F,Full-time,
E04103,2022-05-25,M,Full-time,
E04104,2024-05-01,M,Part-time,
E04105,2022-09-09,F,Full-time,
E04106,2023-10-28,M,Part-time,
E04107,2022-01-08,F,Full-time,
E04108,2019-05-12,F,Part-time,
E04109,2019-06-22,F,Full-time,
E04110,2015-11-01,F,Part-time,
E04111,2023-09-28,M,Full-time,2025-09-30
E04112,2022-05-28,N,Full-time,
E04113,2024-08-14,M,Full-time,
E04114,2023-06-30,M,Full-time,
E04115,2019-10-18,M,Full-time,
E04116,2021-05-17,M,Full-time,
E04117,2023-02-02,F,Full-time,
E04118,2017-09-12,M,Full-time,2026-02-28
E04119,2021-05-07,M,Full-time,
E04120,2020-10-15,F,Full-time,
E04121,2019-01-19,M,Full-time,
E04122,2023-09-10,M,Full-time,
E04123,2024-05-07,F,Full-time,
E04124,2019-05-04,F,Full-time,
E04125,2018-10-05,F,Full-time,
E04126,2018-08-08,M,Full-time,
E04127,2023-10-13,F,Full-time,
E04128,2024-02-05,F,Full-time,
E04129,2021-01-09,F,Full-time,
E04130,2023-05-19,F,Full-time,2025-12-31
E04131,2016-12-17,M,Full-time,
E04132,2020-11-07,M,Full-time,
E04133,2023-10-28,F,Full-time,
E04134,2021-08-07,M,Full-time,2026-07-31
E04135,2008-09-30,F,Full-time,2026-05-31
E04136,2022-11-13,M,Full-time,
E04137,2021-09-21,M,Full-time,
E04138,2021-07-15,F,Full-time,2025-02-28
E04139,2017-05-24,F,Full-time,2025-08-31
E04140,2018-12-20,M,Full-time,
E04141,2022-05-17,M,Full-time,2024-11-30
E04142,2021-12-09,F,Full-time,
E04143,2020-09-11,M,Full-time,
E04144,2024-04-14,M,Full-time,2026-08-31
E04145,2019-12-02,F,Full-time,2025-03-31
E04146,2023-02-01,F,Full-time,
E04147,2020-04-07,M,Full-time,
E04148,2016-11-13,M,Full-time,
E04149,2011-10-09,F,Full-time,
E04150,2020-04-13,F,Full-time,2026-01-31
E04151,2022-06-19,F,Full-time,
E04152,2015-05-07,F,Full-time,
E04153,2020-09-27,F,Full-time,
E04154,2022-08-22,F,Full-time,
E04155,2023-01-12,M,Full-time,
E04156,2022-04-17,M,Full-time,
E04157,2022-06-16,M,Full-time,2026-05-31
E04158,2019-04-20,F,Full-time,
E04159,2022-08-16,F,Full-time,2025-04-30
E04160,2021-02-15,M,Full-time,
E04161,2021-04-17,F,Full-time,2025-11-30
E04162,2021-07-06,M,Full-time,
E04163,2019-02-04,M,Full-time,
E04164,2022-09-10,M,Full-time,
E04165,2018-04-11,M,Full-time,
E04166,2018-06-30,N,Full-time,
E04167,2021-03-09,F,Full-time,2025-03-31
E04168,2023-12-27,M,Full-time,
E04169,2022-04-02,F,Full-time,
E04170,2020-06-17,F,Full-time,2025-02-28
E04171,2021-10-20,F,Full-time,
E04172,2023-10-13,M,Full-time,
E04173,2023-09-06,M,Full-time,
E04174,2014-12-06,F,Full-time,
E04175,2020-06-02,M,Full-time,
E04176,2022-04-12,F,Full-time,
E04177,2022-10-02,M,Full-time,
E04178,2019-12-10,M,Full-time,
E04179,2023-07-21,F,Full-time,
E04180,2022-12-29,M,Full-time,
E04181,2020-01-20,M,Full-time,
E04182,2021-11-03,F,Full-time,2025-05-31
E04183,2019-05-19,F,Full-time,2026-03-31
E04184,2014-09-28,M,Full-time,
E04185,2019-05-03,N,Full-time,
E04186,2023-11-25,M,Part-time,2026-04-30
E04187,2021-10-15,M,Full-time,
E04188,2021-05-20,M,Full-time,
E04189,2018-12-16,F,Full-time,
E04190,2020-11-16,M,Full-time,
E04191,2023-04-04,F,Full-time,
E04192,2023-08-08,F,Full-time,
E04193,2020-02-27,M,Full-time,
E04194,2024-02-03,F,Full-time,2025-02-28
E04195,2021-08-19,M,Full-time,2025-11-30
E04196,2023-04-06,M,Full-time,
E04197,2020-02-11,M,Full-time,
E04198,2021-02-09,F,Full-time,
E04199,2024-08-10,F,Full-time,
E04200,2019-01-20,M,Full-time,
E04201,2022-04-05,F,Full-time,
E04202,2021-03-26,M,Full-time,
E04203,2014-07-30,F,Full-time,
E04204,2021-08-22,M,Full-time,2025-03-31
E04205,2023-03-27,F,Full-time,2026-07-31
E04206,2021-07-28,M,Full-time,
E04207,2019-09-04,F,Full-time,
E04208,2022-08-20,F,Full-time,
E04209,2020-09-01,F,Full-time,
E04210,2022-04-10,M,Full-time,
E04211,2022-03-22,F,Full-time,
E04212,2018-05-24,F,Full-time,
E04213,2021-06-25,F,Full-time,
E04214,2023-02-22,M,Full-time,
E04215,2021-05-04,M,Full-time,2025-10-31
E04216,2019-05-06,M,Full-time,
E04217,2021-08-31,M,Full-time,2025-08-31
E04218,2022-05-26,M,Full-time,
E04219,2022-07-04,F,Full-time,2025-09-30
E04220,2023-08-02,F,Full-time,2025-01-31
E04221,2020-10-29,F,Full-time,
E04222,2020-07-17,M,Full-time,
E04223,2020-04-03,M,Full-time,
E04224,2013-04-14,M,Full-time,
E04225,2019-05-24,M,Full-time,2026-02-28
E04226,2022-10-01,M,Full-time,
E04227,2022-06-20,M,Part-time,2025-02-28
E04228,2020-11-27,F,Full-time,
E04229,2024-03-15,M,Full-time,
E04230,2024-04-05,M,Full-time,2024-09-30
E04231,2023-06-02,F,Full-time,2025-08-31
E04232,2020-03-19,F,Full-time,
E04233,2021-10-12,M,Full-time,
E04234,2021-07-26,M,Full-time,
E04235,2022-02-14,M,Full-time,
E04236,2021-11-10,N,Full-time,
E04237,2019-10-22,M,Full-time,
E04238,2021-09-29,M,Full-time,
E04239,2023-01-18,F,Full-time,
E04240,2023-04-11,M,Full-time,
E04241,2022-11-14,N,Full-time,
E04242,2021-01-03,N,Full-time,2025-03-31
E04243,2023-02-23,M,Full-time,2026-01-31
E04244,2019-04-19,F,Full-time,
E04245,2023-05-24,N,Full-time,
E04246,2023-06-14,F,Full-time,
E04247,2023-07-20,M,Full-time,
E04248,2017-12-25,M,Full-time,2026-03-31
E04249,2023-04-03,M,Full-time,
E04250,2023-11-27,M,Full-time,2025-09-30
E04251,2009-09-29,F,Full-time,
E04252,2022-07-04,F,Full-time,
E04253,2023-05-25,F,Full-time,
E04254,2020-08-26,M,Full-time,2025-04-30
E04255,2023-01-10,F,Full-time,
E04256,2023-11-27,M,Full-time,2024-09-30
E04257,2021-10-20,F,Full-time,
E04258,2020-12-27,F,Full-time,2026-06-30
E04259,2023-12-18,M,Full-time,
E04260,2018-07-29,F,Full-time,2025-04-30
E04261,2021-12-20,F,Full-time,2025-02-28
E04262,2019-05-03,F,Full-time,
E04263,2020-10-17,F,Full-time,
E04264,2023-07-17,F,Full-time,2026-03-31
E04265,2023-04-21,M,Full-time,2025-01-31
E04266,2023-04-18,M,Full-time,2025-03-31
E04267,2021-07-25,M,Full-time,
E04268,2023-07-06,M,Full-time,
E04269,2022-08-07,M,Full-time,
E04270,2023-07-21,N,Full-time,
E04271,2024-02-15,F,Part-time,
E04272,2021-07-17,F,Full-time,
E04273,2023-08-06,F,Full-time,
E04274,2022-07-04,M,Full-time,2026-05-31
E04275,2023-12-29,M,Full-time,
E04276,2017-10-18,F,Full-time,2025-04-30
E04277,2016-06-16,F,Full-time,
E04278,2019-12-22,M,Full-time,
E04279,2023-07-01,F,Part-time,2025-01-31
E04280,2021-07-15,M,Full-time,
E04281,2021-10-02,M,Full-time,
E04282,2020-05-22,M,Full-time,2024-10-31
E04283,2019-12-12,M,Full-time,
E04284,2021-04-26,M,Full-time,
E04285,2019-07-15,M,Full-time,
E04286,2020-03-03,F,Full-time,
E04287,2021-01-29,M,Full-time,
E04288,2023-10-19,F,Full-time,2025-06-30
E04289,2024-06-03,M,Full-time,
E04290,2020-09-12,F,Full-time,
E04291,2023-01-16,F,Full-time,
E04292,2023-09-25,F,Full-time,2026-01-31
E04293,2017-10-02,M,Full-time,2025-07-31
E04294,2012-04-16,F,Full-time,2026-02-28
E04295,2023-11-30,F,Part-time,
E04296,2021-07-29,M,Full-time,
E04297,2023-04-19,F,Full-time,2026-07-31
E04298,2022-07-16,M,Full-time,2025-07-31
E04299,2021-04-27,M,Full-time,
E04300,2021-03-10,M,Full-time,
E04301,2023-12-05,F,Full-time,2024-11-30
E04302,2021-01-07,F,Full-time,2026-02-28
E04303,2017-05-22,M,Full-time,
E04304,2020-08-23,F,Full-time,2026-05-31
E04305,2019-08-04,F,Full-time,2025-07-31
E04306,2022-03-16,M,Full-time,2026-02-28
E04307,2024-07-08,M,Part-time,
E04308,2020-02-23,F,Full-time,
E04309,2024-03-19,F,Full-time,2025-05-31
E04310,2024-03-06,M,Full-time,2024-11-30
E04311,2022-05-19,F,Full-time,2025-06-30
E04312,2023-12-30,F,Full-time,2026-03-31
E04313,2022-04-14,F,Full-time,
E04314,2023-06-07,M,Full-time,2026-08-31
E04315,2020-07-12,M,Full-time,
E04316,2023-06-21,F,Part-time,
E04317,2023-01-01,F,Full-time,2024-09-30
E04318,2024-07-05,F,Full-time,2026-02-28
E04319,2019-02-20,F,Full-time,
E04320,2022-11-28,F,Part-time,2025-05-31
E04321,2023-09-09,M,Full-time,
E04322,2019-01-07,F,Full-time,
E04323,2021-05-11,F,Full-time,2026-02-28
E04324,2023-01-05,M,Full-time,2025-02-28
E04325,2015-09-25,M,Part-time,
E04326,2023-05-16,F,Full-time,2025-09-30
E04327,2021-02-13,M,Full-time,2026-06-30
E04328,2017-05-18,M,Full-time,2025-09-30
E04329,2023-09-27,M,Full-time,
E04330,2021-09-11,M,Full-time,2026-06-30
E04331,2021-07-06,N,Full-time,
E04332,2023-09-24,M,Full-time,2025-12-31
E04333,2021-08-06,M,Full-time,2025-01-31
E04334,2022-04-05,N,Full-time,2026-01-31
E04335,2023-07-24,F,Full-time,2024-11-30
E04336,2022-08-09,M,Full-time,
E04337,2022-04-28,F,Full-time,2026-05-31
E04338,2020-03-10,M,Full-time,2025-08-31
E04339,2016-11-17,F,Full-time,2025-08-31
E04340,2021-04-18,M,Full-time,2025-10-31
E04341,2022-10-13,M,Full-time,
E04342,2021-12-27,F,Full-time,
E04343,2020-08-21,M,Full-time,
E04344,2024-06-19,F,Full-time,
E04345,2022-02-06,M,Full-time,
E04346,2023-01-02,M,Full-time,
E04347,2018-03-07,M,Part-time,
E04348,2021-03-01,F,Full-time,2025-10-31
E04349,2016-06-24,M,Full-time,2026-02-28
E04350,2020-12-11,F,Full-time,
E04351,2023-12-01,M,Full-time,2026-02-28
E04352,2018-11-22,M,Full-time,
E04353,2021-09-04,M,Full-time,2024-09-30
E04354,2023-03-15,F,Full-time,2025-02-28
E04355,2018-10-13,F,Full-time,
E04356,2019-07-21,M,Full-time,
E04357,2023-04-25,M,Full-time,2026-07-31
E04358,2020-12-29,M,Full-time,2025-03-31
E04359,2022-06-09,M,Part-time,2024-10-31
E04360,2020-12-18,M,Full-time,
E04361,2019-05-30,F,Part-time,
E04362,2019-03-11,F,Full-time,
E04363,2023-08-08,F,Full-time,
E04364,2021-05-07,F,Full-time,
E04365,2019-02-05,M,Full-time,
E04366,2021-03-12,F,Part-time,2025-09-30
E04367,2018-10-05,M,Full-time,
E04368,2020-11-23,F,Full-time,
E04369,2021-08-25,M,Full-time,
E04370,2022-03-06,N,Full-time,
E04371,2022-01-05,F,Full-time,
E04372,2023-05-28,F,Full-time,2026-05-31
E04373,2022-12-20,M,Full-time,2025-01-31
E04374,2023-03-20,M,Full-time,2025-04-30
E04375,2024-01-23,M,Full-time,
E04376,2023-04-13,M,Full-time,
E04377,2022-01-18,M,Full-time,2025-02-28
E04378,2014-09-07,M,Full-time,
E04379,2020-09-07,F,Full-time,2026-02-28
E04380,2020-11-29,F,Part-time,
E04381,2023-10-11,F,Full-time,
E04382,2021-02-05,F,Full-time,
E04383,2021-05-08,M,Part-time,
E04384,2022-01-05,M,Full-time,
E04385,2020-01-12,M,Full-time,
E04386,2023-08-29,F,Full-time,2026-01-31
E04387,2023-03-12,M,Full-time,
E04388,2024-05-19,M,Full-time,
E04389,2017-05-16,M,Full-time,
E04390,2020-06-13,F,Full-time,2025-08-31
E04391,2023-05-01,M,Full-time,2024-10-31
E04392,2016-08-02,N,Full-time,
E04393,2022-08-15,M,Full-time,
E04394,2023-08-08,F,Full-time,
E04395,2019-02-27,M,Full-time,2025-05-31
E04396,2014-03-15,M,Full-time,
E04397,2021-05-24,F,Full-time,
E04398,2023-03-09,M,Full-time,2025-02-28
E04399,2022-12-06,F,Full-time,
E04400,2022-06-19,M,Full-time,2026-03-31
E04401,2021-12-19,M,Full-time,2025-02-28
E04402,2021-05-03,F,Full-time,2026-07-31
E04403,2022-10-29,F,Full-time,
E04404,2014-01-23,M,Full-time,
E04405,2021-09-17,F,Full-time,2026-07-31
E04406,2019-10-24,F,Full-time,
E04407,2022-11-07,M,Full-time,2026-02-28
E04408,2022-04-12,M,Full-time,
E04409,2018-07-13,F,Full-time,
E04410,2023-12-02,F,Full-time,2024-11-30
E04411,2021-11-15,M,Full-time,
E04412,2017-04-09,F,Full-time,2024-09-30
E04413,2022-10-08,M,Full-time,
E04414,2013-09-19,F,Full-time,
E04415,2024-05-28,M,Full-time,
E04416,2020-12-05,M,Full-time,2025-07-31
E04417,2018-04-22,F,Full-time,
E04418,2022-12-03,M,Full-time,2025-10-31
E04419,2018-02-01,F,Full-time,
E04420,2017-07-16,F,Full-time,2025-01-31
E04421,2022-04-03,M,Full-time,
E04422,2022-06-17,F,Full-time,
E04423,2021-06-10,M,Full-time,
E04424,2023-09-06,F,Part-time,
E04425,2020-03-24,M,Full-time,2025-04-30
E04426,2019-05-25,F,Full-time,2026-03-31
E04427,2024-04-02,M,Full-time,
E04428,2021-04-22,M,Full-time,
E04429,2020-10-21,F,Full-time,
E04430,2017-09-26,F,Full-time,
E04431,2020-06-04,M,Full-time,
E04432,2023-12-24,M,Full-time,
E04433,2023-04-01,M,Full-time,
E04434,2024-02-12,M,Full-time,
E04435,2022-09-19,F,Full-time,
E04436,2023-07-31,N,Full-time,
E04437,2014-09-04,F,Full-time,
E04438,2020-02-20,M,Part-time,
E04439,2020-11-15,M,Full-time,2025-09-30
E04440,2022-06-04,F,Full-time,
E04441,2022-01-07,M,Full-time,
E04442,2023-07-05,M,Full-time,
E04443,2022-11-10,F,Full-time,2025-02-28
E04444,2023-01-29,F,Full-time,2025-10-31
E04445,2022-05-28,F,Full-time,
E04446,2018-12-07,F,Full-time,
E04447,2020-04-05,F,Full-time,
E04448,2023-10-07,F,Part-time,
E04449,2023-10-14,F,Full-time,
E04450,2022-08-09,M,Full-time,
E04451,2024-04-30,F,Full-time,
E04452,2023-09-05,M,Full-time,
E04453,2012-12-23,M,Full-time,
E04454,2022-11-27,F,Full-time,
E04455,2022-03-13,M,Full-time,2024-09-30
E04456,2021-03-22,M,Full-time,2025-10-31
E04457,2023-09-30,F,Full-time,
E04458,2015-08-07,F,Full-time,
E04459,2023-11-11,M,Full-time,
E04460,2017-07-07,F,Full-time,
E04461,2023-07-24,F,Full-time,
E04462,2021-06-29,F,Full-time,2025-02-28
E04463,2020-07-23,M,Full-time,
E04464,2023-06-08,F,Part-time,
E04465,2020-09-11,M,Part-time,
E04466,2023-01-29,N,Full-time,
E04467,2017-10-15,M,Full-time,
E04468,2016-10-19,F,Full-time,
E04469,2020-07-15,F,Full-time,
E04470,2020-02-26,M,Full-time,
E04471,2022-01-08,M,Full-time,
E04472,2021-05-29,F,Full-time,
E04473,2017-04-27,F,Full-time,
E04474,2023-09-28,M,Full-time,2025-07-31
E04475,2023-12-02,M,Full-time,2025-04-30
E04476,2023-10-01,F,Full-time,
E04477,2012-09-11,F,Full-time,
E04478,2021-11-06,M,Full-time,2026-03-31
E04479,2020-08-21,N,Full-time,2025-09-30
E04480,2024-01-07,M,Full-time,
E04481,2023-07-25,N,Part-time,
E04482,2022-07-13,F,Full-time,2025-02-28
E04483,2021-04-03,M,Full-time,
E04484,2021-12-19,M,Full-time,
E04485,2022-02-10,M,Full-time,
E04486,2022-06-22,M,Full-time,2025-07-31
E04487,2022-01-27,M,Full-time,
E04488,2023-01-29,M,Full-time,2026-02-28
E04489,2020-11-06,F,Full-time,
E04490,2020-03-22,M,Full-time,
E04491,2021-01-23,F,Full-time,2025-03-31
E04492,2021-09-08,M,Full-time,
E04493,2022-03-05,M,Full-time,2026-03-31
E04494,2023-08-01,M,Full-time,2026-03-31
E04495,2020-07-25,M,Full-time,
E04496,2019-02-13,F,Full-time,
E04497,2020-11-13,M,Full-time,
E04498,2021-06-23,F,Full-time,
E04499,2022-09-26,F,Part-time,
E04500,2024-06-29,F,Full-time,
E04501,2019-07-01,F,Full-time,
E04502,2022-07-21,M,Full-time,
E04503,2019-02-09,F,Full-time,
E04504,2008-09-30,F,Full-time,
E04505,2024-03-07,F,Full-time,
E04506,2017-04-09,F,Full-time,
E04507,2021-12-08,F,Full-time,2025-09-30
E04508,2023-08-18,M,Full-time,
E04509,2018-01-30,M,Full-time,2024-09-30
E04510,2018-12-26,F,Full-time,2026-05-31
E04511,2022-02-28,M,Full-time,2025-08-31
E04512,2021-07-11,F,Full-time,
E04513,2016-05-21,F,Full-time,2026-01-31
E04514,2017-06-23,F,Full-time,
E04515,2016-08-17,M,Part-time,
E04516,2023-08-26,M,Full-time,2024-12-31
E04517,2016-11-10,M,Full-time,
E04518,2021-01-12,F,Full-time,
E04519,2020-01-16,M,Part-time,2026-03-31
E04520,2021-07-09,F,Full-time,
E04521,2022-07-11,M,Full-time,
E04522,2023-11-25,F,Full-time,
E04523,2019-03-08,F,Full-time,
E04524,2015-12-11,M,Full-time,
E04525,2021-06-13,M,Full-time,
E04526,2023-11-03,F,Full-time,
E04527,2020-10-19,M,Full-time,
E04528,2016-10-28,F,Full-time,
E04529,2021-09-05,F,Full-time,
E04530,2019-09-14,F,Full-time,
E04531,2023-12-06,M,Full-time,
E04532,2023-09-10,M,Full-time,2026-02-28
E04533,2020-08-22,N,Full-time,2025-01-31
E04534,2021-09-09,F,Full-time,
E04535,2022-03-13,M,Full-time,
E04536,2021-09-16,M,Full-time,2025-01-31
E04537,2020-07-19,F,Full-time,
E04538,2022-02-16,M,Full-time,2025-03-31
E04539,2022-11-15,F,Full-time,
E04540,2022-12-07,M,Full-time,
E04541,2023-02-18,F,Full-time,
E04542,2015-11-18,F,Full-time,
E04543,2009-06-20,F,Full-time,2026-02-28
E04544,2018-06-29,F,Full-time,
E04545,2023-09-27,F,Full-time,2024-10-31
E04546,2019-11-07,F,Full-time,2026-06-30
E04547,2023-01-19,F,Full-time,2026-07-31
E04548,2022-04-10,F,Full-time,2025-01-31
E04549,2022-07-06,M,Full-time,
E04550,2016-12-18,F,Full-time,
E04551,2023-05-31,M,Full-time,
E04552,2018-02-19,M,Full-time,2025-03-31
E04553,2023-04-22,M,Full-time,2025-03-31
E04554,2020-12-23,M,Full-time,2025-01-31
E04555,2017-06-11,M,Full-time,
E04556,2011-07-10,F,Full-time,
E04557,2023-03-10,M,Full-time,
E04558,2018-09-20,F,Full-time,2025-07-31
E04559,2021-05-03,F,Full-time,2024-10-31
E04560,2020-08-21,M,Full-time,
E04561,2021-10-03,F,Full-time,
E04562,2018-07-01,M,Full-time,2025-03-31
E04563,2024-04-02,F,Full-time,
E04564,2022-07-11,M,Full-time,2025-05-31
E04565,2019-01-03,F,Full-time,2025-06-30
E04566,2023-12-13,M,Full-time,2026-01-31
E04567,2021-11-28,F,Full-time,
E04568,2023-09-29,M,Full-time,2025-01-31
E04569,2023-12-26,M,Full-time,
E04570,2023-11-09,M,Full-time,2025-10-31
E04571,2020-11-18,F,Full-time,
E04572,2017-01-21,F,Full-time,
E04573,2022-03-22,F,Full-time,
E04574,2018-06-30,M,Full-time,
E04575,2021-01-13,F,Full-time,
E04576,2023-03-08,F,Full-time,
E04577,2019-07-27,F,Full-time,2025-07-31
E04578,2013-07-25,F,Full-time,2025-06-30
E04579,2020-08-25,F,Full-time,2026-03-31
E04580,2018-11-20,M,Full-time,
E04581,2023-05-30,M,Full-time,2025-11-30
E04582,2022-05-31,M,Full-time,
E04583,2023-09-15,M,Full-time,
E04584,2023-12-05,F,Full-time,2025-02-28
E04585,2017-11-12,M,Full-time,2025-01-31
E04586,2022-03-25,F,Full-time,2024-11-30
E04587,2022-04-30,M,Full-time,2024-11-30
E04588,2017-08-08,M,Part-time,2024-10-31
E04589,2023-06-20,M,Full-time,
E04590,2022-02-13,F,Full-time,2026-01-31
E04591,2022-10-25,M,Full-time,
E04592,2022-09-01,F,Full-time,2026-04-30
E04593,2022-08-25,M,Part-time,2026-08-31
E04594,2022-07-25,F,Full-time,
E04595,2022-06-09,F,Full-time,2026-01-31
E04596,2020-12-02,M,Full-time,
E04597,2021-11-14,M,Full-time,
E04598,2023-07-26,F,Full-time,
E04599,2021-01-10,F,Full-time,
E04600,2023-03-26,M,Full-time,
E04601,2022-03-14,M,Full-time,
E04602,2022-01-12,M,Full-time,2025-03-31
E04603,2023-07-10,M,Part-time,
E04604,2019-09-24,M,Full-time,2025-02-28
E04605,2022-01-01,F,Part-time,
E04606,2021-10-14,F,Full-time,2026-01-31
E04607,2021-11-19,F,Full-time,
E04608,2022-06-13,F,Full-time,2024-09-30
E04609,2017-10-24,F,Full-time,2025-04-30
E04610,2018-03-17,F,Full-time,2025-04-30
E04611,2020-12-25,M,Full-time,2026-01-31
E04612,2016-04-15,M,Full-time,2025-06-30
E04613,2020-06-10,M,Full-time,
E04614,2021-05-02,F,Full-time,
E04615,2021-09-02,M,Full-time,2025-11-30
E04616,2021-02-03,F,Full-time,
E04617,2021-05-25,F,Full-time,
E04618,2022-12-26,M,Full-time,
E04619,2020-11-11,N,Full-time,
E04620,2014-05-14,F,Full-time,
E04621,2021-09-14,M,Part-time,2026-04-30
E04622,2019-01-26,F,Full-time,
E04623,2020-06-04,M,Full-time,
E04624,2019-07-23,F,Part-time,2026-02-28
E04625,2020-04-26,M,Full-time,
E04626,2016-03-12,M,Full-time,
E04627,2020-09-30,F,Full-time,
E04628,2023-07-16,M,Full-time,2025-01-31
E04629,2020-08-03,M,Full-time,
E04630,2024-04-01,F,Full-time,2025-05-31
E04631,2023-12-22,M,Full-time,
E04632,2024-01-19,M,Full-time,
E04633,2020-07-10,M,Full-time,2025-11-30
E04634,2018-04-17,F,Full-time,
E04635,2019-01-12,M,Full-time,
E04636,2017-07-02,M,Full-time,2025-11-30
E04637,2023-04-14,F,Full-time,2025-05-31
E04638,2022-07-01,F,Part-time,2024-09-30
E04639,2023-03-22,F,Full-time,
E04640,2020-07-03,F,Full-time,2024-11-30
E04641,2021-06-27,M,Full-time,
E04642,2017-06-25,F,Full-time,
E04643,2023-06-11,F,Full-time,
E04644,2016-07-20,F,Full-time,
E04645,2023-10-24,F,Full-time,2026-02-28
E04646,2021-04-20,F,Full-time,
E04647,2022-09-25,M,Full-time,
E04648,2021-11-22,M,Full-time,
E04649,2015-08-14,M,Full-time,
E04650,2022-09-23,M,Full-time,2025-03-31
E04651,2023-08-13,M,Part-time,2026-01-31
E04652,2024-03-13,F,Full-time,
E04653,2018-07-17,M,Full-time,
E04654,2022-03-09,M,Full-time,
E04655,2016-12-11,F,Full-time,
E04656,2020-04-05,F,Full-time,
E04657,2023-11-10,F,Full-time,
E04658,2023-07-05,F,Full-time,
E04659,2019-12-31,F,Full-time,
E04660,2017-12-18,F,Full-time,2025-10-31
E04661,2022-01-18,F,Full-time,2025-02-28
E04662,2022-01-08,M,Full-time,
E04663,2021-03-26,F,Full-time,
E04664,2023-03-21,F,Full-time,2025-03-31
E04665,2021-01-22,F,Full-time,2025-11-30
E04666,2018-07-27,F,Full-time,
E04667,2022-06-03,F,Full-time,
E04668,2016-05-28,M,Full-time,
E04669,2020-04-10,M,Full-time,
E04670,2022-03-26,F,Full-time,
E04671,2016-01-16,M,Full-time,
E04672,2021-11-09,N,Full-time,
E04673,2022-05-18,N,Full-time,2025-10-31
E04674,2015-01-28,F,Full-time,2025-02-28
E04675,2019-10-01,F,Full-time,2024-09-30
E04676,2022-10-19,M,Full-time,
E04677,2024-01-23,F,Part-time,
E04678,2020-10-22,F,Full-time,
E04679,2021-10-15,M,Full-time,
E04680,2018-09-14,M,Full-time,
E04681,2021-07-11,F,Full-time,
E04682,2021-02-15,M,Full-time,
E04683,2020-06-29,F,Full-time,
E04684,2016-04-29,M,Full-time,
E04685,2023-12-27,M,Full-time,
E04686,2020-09-30,F,Full-time,2026-03-31
E04687,2014-04-09,M,Part-time,
E04688,2021-07-31,M,Full-time,2026-05-31
E04689,2017-08-12,F,Full-time,
E04690,2021-11-05,M,Full-time,
E04691,2018-10-15,N,Full-time,
E04692,2020-08-11,M,Full-time,
E04693,2020-01-26,F,Full-time,
E04694,2020-10-31,M,Full-time,
E04695,2023-02-21,N,Full-time,2024-10-31
E04696,2013-04-01,M,Full-time,
E04697,2022-11-30,F,Full-time,
E04698,2017-07-09,M,Part-time,
E04699,2018-12-17,F,Full-time,
E04700,2020-10-03,F,Full-time,2026-05-31
E04701,2021-09-08,M,Full-time,
E04702,2022-06-16,M,Full-time,
E04703,2018-08-12,F,Part-time,2025-06-30
E04704,2019-03-04,F,Full-time,2025-03-31
E04705,2020-12-06,F,Full-time,
E04706,2021-06-06,M,Full-time,
E04707,2021-01-13,M,Full-time,2024-09-30
E04708,2024-03-23,M,Full-time,
E04709,2021-08-18,M,Full-time,2025-03-31
E04710,2022-09-27,F,Full-time,
E04711,2014-07-17,M,Full-time,
E04712,2011-06-30,F,Full-time,
E04713,2022-05-01,M,Full-time,2026-05-31
E04714,2023-05-21,M,Full-time,
E04715,2022-03-01,M,Full-time,
E04716,2022-05-09,M,Full-time,
E04717,2017-05-05,F,Full-time,2026-07-31
E04718,2016-12-22,F,Full-time,
E04719,2020-03-09,M,Full-time,
E04720,2020-07-29,F,Full-time,
E04721,2023-02-20,F,Full-time,
E04722,2021-02-03,F,Full-time,
E04723,2021-06-06,F,Full-time,
E04724,2020-08-30,M,Full-time,
E04725,2020-08-02,M,Full-time,
E04726,2022-01-31,M,Full-time,
E04727,2014-03-18,F,Full-time,
E04728,2020-11-24,F,Part-time,
E04729,2021-08-04,F,Full-time,2025-08-31
E04730,2023-03-18,N,Full-time,
E04731,2021-07-14,M,Full-time,2026-01-31
E04732,2017-03-27,M,Full-time,
E04733,2020-01-16,M,Full-time,
E04734,2018-12-19,M,Full-time,
E04735,2017-07-26,F,Full-time,
E04736,2021-10-11,F,Full-time,
E04737,2016-07-02,F,Full-time,2026-02-28
E04738,2023-06-05,F,Full-time,
E04739,2016-02-07,F,Full-time,
E04740,2022-01-24,F,Full-time,2026-07-31
E04741,2020-11-04,F,Full-time,2026-03-31
E04742,2017-10-12,F,Full-time,
E04743,2019-12-02,F,Full-time,
E04744,2021-06-05,M,Full-time,
E04745,2020-09-04,F,Full-time,
E04746,2019-05-23,M,Full-time,
E04747,2019-06-07,M,Full-time,
E04748,2013-10-14,M,Full-time,2025-01-31
E04749,2016-12-30,M,Full-time,
E04750,2019-06-08,F,Full-time,
E04751,2021-01-22,F,Full-time,
E04752,2019-07-10,F,Full-time,2025-05-31
E04753,2015-09-17,N,Part-time,
E04754,2017-10-29,F,Full-time,
E04755,2022-03-29,F,Part-time,
E04756,2021-05-28,F,Full-time,2024-10-31
E04757,2019-05-23,M,Full-time,
E04758,2019-09-27,M,Full-time,2026-02-28
E04759,2019-01-07,F,Full-time,2025-10-31
E04760,2019-10-09,M,Full-time,
E04761,2018-12-02,F,Full-time,
E04762,2023-03-06,M,Full-time,
E04763,2021-06-06,M,Full-time,
E04764,2017-06-25,F,Full-time,
E04765,2021-08-18,F,Full-time,
E04766,2020-09-11,F,Full-time,
E04767,2021-04-24,M,Full-time,
E04768,2024-09-30,M,Full-time,
E04769,2024-09-30,F,Full-time,
E04770,2024-09-30,M,Full-time,
E04771,2024-09-30,M,Full-time,2025-08-31
E04772,2024-09-30,F,Full-time,
E04773,2024-09-30,M,Part-time,
E04774,2024-09-30,M,Full-time,
E04775,2024-09-30,F,Full-time,
E04776,2024-09-30,M,Full-time,
E04777,2024-09-30,F,Full-time,
E04778,2024-09-30,M,Full-time,
E04779,2024-09-30,F,Full-time,
E04780,2024-09-30,M,Full-time,2025-10-31
E04781,2024-09-30,F,Full-time,
E04782,2024-09-30,M,Full-time,
E04783,2024-09-30,F,Full-time,2025-05-31
E04784,2024-09-30,F,Full-time,
E04785,2024-09-30,F,Full-time,2025-05-31
E04786,2024-09-30,M,Full-time,
E04787,2024-09-30,M,Full-time,
E04788,2024-09-30,M,Full-time,
E04789,2024-09-30,M,Full-time,
E04790,2024-10-31,M,Full-time,2025-04-30
E04791,2024-10-31,F,Full-time,2026-06-30
E04792,2024-10-31,M,Full-time,2025-01-31
E04793,2024-10-31,M,Part-time,
E04794,2024-10-31,F,Full-time,
E04795,2024-10-31,F,Full-time,
E04796,2024-10-31,F,Full-time,
E04797,2024-10-31,M,Full-time,2025-06-30
E04798,2024-10-31,F,Full-time,
E04799,2024-10-31,M,Full-time,
E04800,2024-10-31,F,Full-time,2026-01-31
E04801,2024-10-31,F,Full-time,
E04802,2024-10-31,M,Full-time,2026-04-30
E04803,2024-10-31,M,Full-time,
E04804,2024-10-31,F,Part-time,
E04805,2024-11-30,M,Part-time,2026-05-31
E04806,2024-11-30,F,Full-time,2025-08-31
E04807,2024-11-30,M,Full-time,
E04808,2024-11-30,F,Full-time,2026-05-31
E04809,2024-11-30,M,Full-time,
E04810,2024-11-30,F,Full-time,2025-12-31
E04811,2024-11-30,F,Part-time,
E04812,2024-11-30,M,Full-time,
E04813,2024-11-30,F,Full-time,
E04814,2024-11-30,M,Full-time,2025-10-31
E04815,2024-11-30,F,Full-time,
E04816,2024-12-31,M,Full-time,2025-02-28
E04817,2024-12-31,M,Full-time,
E04818,2024-12-31,M,Part-time,
E04819,2025-01-31,F,Full-time,2025-06-30
E04820,2025-01-31,M,Full-time,
E04821,2025-01-31,F,Full-time,2025-03-31
E04822,2025-01-31,F,Full-time,2025-08-31
E04823,2025-01-31,F,Full-time,
E04824,2025-01-31,M,Full-time,2025-11-30
E04825,2025-01-31,F,Full-time,
E04826,2025-01-31,F,Full-time,2026-02-28
E04827,2025-01-31,F,Full-time,2026-03-31
E04828,2025-01-31,M,Full-time,2025-09-30
E04829,2025-01-31,M,Full-time,2026-05-31
E04830,2025-01-31,F,Full-time,
E04831,2025-01-31,F,Full-time,
E04832,2025-01-31,M,Full-time,2025-03-31
E04833,2025-01-31,M,Full-time,
E04834,2025-01-31,M,Full-time,
E04835,2025-01-31,F,Part-time,
E04836,2025-02-28,M,Part-time,
E04837,2025-02-28,M,Full-time,
E04838,2025-02-28,M,Full-time,
E04839,2025-02-28,F,Full-time,2025-06-30
E04840,2025-02-28,M,Part-time,2026-04-30
E04841,2025-02-28,F,Full-time,
E04842,2025-02-28,M,Full-time,
E04843,2025-02-28,M,Full-time,
E04844,2025-02-28,M,Full-time,2026-03-31
E04845,2025-02-28,M,Full-time,
E04846,2025-02-28,F,Full-time,2025-10-31
E04847,2025-02-28,M,Part-time,
E04848,2025-02-28,M,Full-time,
E04849,2025-02-28,F,Full-time,
E04850,2025-02-28,M,Full-time,
E04851,2025-02-28,F,Full-time,
E04852,2025-02-28,M,Full-time,
E04853,2025-02-28,F,Full-time,
E04854,2025-02-28,F,Full-time,
E04855,2025-02-28,M,Full-time,
E04856,2025-02-28,M,Full-time,2026-03-31
E04857,2025-02-28,F,Full-time,2025-10-31
E04858,2025-02-28,F,Full-time,2025-05-31
E04859,2025-03-31,F,Full-time,2025-07-31
E04860,2025-03-31,F,Full-time,
E04861,2025-03-31,F,Full-time,
E04862,2025-03-31,F,Full-time,
E04863,2025-03-31,F,Full-time,
E04864,2025-03-31,M,Full-time,
E04865,2025-03-31,F,Full-time,
E04866,2025-03-31,F,Part-time,
E04867,2025-03-31,F,Full-time,
E04868,2025-03-31,M,Full-time,2026-01-31
E04869,2025-03-31,F,Full-time,
E04870,2025-03-31,F,Part-time,2025-11-30
E04871,2025-03-31,M,Full-time,2026-06-30
E04872,2025-03-31,M,Full-time,2025-12-31
E04873,2025-03-31,F,Part-time,2025-08-31
E04874,2025-03-31,M,Full-time,
E04875,2025-03-31,F,Full-time,
E04876,2025-03-31,M,Full-time,2026-03-31
E04877,2025-03-31,M,Full-time,
E04878,2025-04-30,M,Full-time,
E04879,2025-04-30,F,Full-time,
E04880,2025-04-30,M,Full-time,
E04881,2025-04-30,F,Full-time,2026-01-31
E04882,2025-04-30,F,Full-time,
E04883,2025-04-30,F,Full-time,2025-05-31
E04884,2025-04-30,M,Full-time,2026-05-31
E04885,2025-04-30,F,Full-time,
E04886,2025-04-30,F,Part-time,
E04887,2025-04-30,M,Full-time,
E04888,2025-04-30,F,Full-time,2025-11-30
E04889,2025-04-30,F,Full-time,
E04890,2025-04-30,M,Part-time,
E04891,2025-04-30,F,Full-time,
E04892,2025-04-30,M,Full-time,
E04893,2025-04-30,M,Part-time,
E04894,2025-05-31,M,Full-time,2026-03-31
E04895,2025-05-31,M,Full-time,
E04896,2025-05-31,F,Full-time,2026-04-30
E04897,2025-05-31,F,Full-time,
E04898,2025-05-31,F,Full-time,
E04899,2025-05-31,M,Full-time,
E04900,2025-05-31,M,Full-time,
E04901,2025-05-31,F,Full-time,
E04902,2025-05-31,M,Full-time,
E04903,2025-05-31,M,Full-time,
E04904,2025-05-31,M,Full-time,
E04905,2025-05-31,M,Full-time,
E04906,2025-05-31,F,Full-time,
E04907,2025-05-31,F,Full-time,
E04908,2025-05-31,M,Full-time,2026-06-30
E04909,2025-05-31,F,Part-time,2026-03-31
E04910,2025-05-31,M,Full-time,
E04911,2025-05-31,F,Full-time,
E04912,2025-05-31,F,Full-time,
E04913,2025-05-31,F,Full-time,
E04914,2025-05-31,F,Full-time,2025-09-30
E04915,2025-05-31,M,Full-time,2025-06-30
E04916,2025-05-31,F,Full-time,2025-07-31
E04917,2025-05-31,M,Full-time,
E04918,2025-05-31,M,Full-time,
E04919,2025-05-31,F,Full-time,
E04920,2025-05-31,F,Full-time,
E04921,2025-05-31,M,Full-time,2026-07-31
E04922,2025-05-31,M,Full-time,
E04923,2025-05-31,F,Full-time,
E04924,2025-05-31,F,Full-time,
E04925,2025-05-31,F,Full-time,2026-01-31
E04926,2025-06-30,M,Full-time,2025-07-31
E04927,2025-06-30,M,Full-time,2026-03-31
E04928,2025-06-30,M,Full-time,2025-08-31
E04929,2025-06-30,F,Full-time,2025-08-31
E04930,2025-06-30,F,Full-time,
E04931,2025-06-30,M,Full-time,
E04932,2025-06-30,F,Full-time,
E04933,2025-06-30,F,Full-time,
E04934,2025-06-30,F,Full-time,2025-09-30
E04935,2025-06-30,M,Full-time,
E04936,2025-06-30,M,Full-time,2026-05-31
E04937,2025-06-30,F,Full-time,
E04938,2025-06-30,M,Full-time,
E04939,2025-06-30,M,Full-time,
E04940,2025-06-30,F,Full-time,
E04941,2025-06-30,N,Full-time,
E04942,2025-06-30,M,Full-time,
E04943,2025-06-30,F,Full-time,2025-10-31
E04944,2025-06-30,M,Full-time,
E04945,2025-06-30,M,Full-time,2026-03-31
E04946,2025-06-30,M,Full-time,
E04947,2025-06-30,F,Full-time,2025-08-31
E04948,2025-06-30,F,Full-time,
E04949,2025-06-30,F,Full-time,
E04950,2025-06-30,F,Full-time,
E04951,2025-06-30,F,Part-time,
E04952,2025-06-30,F,Full-time,
E04953,2025-06-30,F,Full-time,
E04954,2025-06-30,M,Full-time,
E04955,2025-06-30,M,Full-time,
E04956,2025-06-30,M,Full-time,
E04957,2025-06-30,M,Full-time,
E04958,2025-06-30,M,Full-time,2026-02-28
E04959,2025-06-30,F,Full-time,
E04960,2025-06-30,F,Full-time,
E04961,2025-06-30,M,Full-time,2025-10-31
E04962,2025-06-30,M,Full-time,
E04963,2025-06-30,M,Full-time,
E04964,2025-06-30,F,Full-time,
E04965,2025-06-30,M,Full-time,
E04966,2025-06-30,F,Full-time,2026-04-30
E04967,2025-06-30,M,Full-time,2026-02-28
E04968,2025-06-30,F,Full-time,
E04969,2025-06-30,M,Full-time,2025-12-31
E04970,2025-06-30,N,Full-time,
E04971,2025-06-30,M,Part-time,
E04972,2025-06-30,M,Full-time,
E04973,2025-06-30,F,Full-time,
E04974,2025-06-30,M,Full-time,
E04975,2025-06-30,F,Full-time,
E04976,2025-06-30,M,Full-time,
E04977,2025-06-30,M,Full-time,
E04978,2025-06-30,M,Full-time,
E04979,2025-06-30,F,Full-time,2025-11-30
E04980,2025-06-30,F,Full-time,2025-08-31
E04981,2025-06-30,F,Part-time,2026-02-28
E04982,2025-06-30,F,Full-time,
E04983,2025-07-31,M,Full-time,
E04984,2025-07-31,F,Full-time,
E04985,2025-07-31,F,Full-time,
E04986,2025-07-31,M,Full-time,
E04987,2025-07-31,M,Full-time,2026-04-30
E04988,2025-07-31,F,Full-time,2026-02-28
E04989,2025-07-31,F,Full-time,
E04990,2025-07-31,M,Part-time,
E04991,2025-07-31,F,Full-time,
E04992,2025-07-31,M,Full-time,
E04993,2025-07-31,N,Full-time,
E04994,2025-07-31,M,Full-time,2026-01-31
E04995,2025-07-31,M,Full-time,2026-01-31
E04996,2025-07-31,M,Full-time,2026-06-30
E04997,2025-07-31,F,Full-time,
E04998,2025-07-31,M,Full-time,2026-03-31
E04999,2025-07-31,F,Full-time,2026-08-31
E05000,2025-07-31,M,Full-time,
E05001,2025-07-31,M,Full-time,
E05002,2025-07-31,M,Full-time,
E05003,2025-07-31,F,Full-time,
E05004,2025-07-31,M,Full-time,
E05005,2025-07-31,F,Full-time,
E05006,2025-07-31,F,Full-time,
E05007,2025-07-31,F,Full-time,2026-03-31
E05008,2025-07-31,F,Full-time,
E05009,2025-07-31,F,Full-time,2026-01-31
E05010,2025-07-31,M,Part-time,
E05011,2025-07-31,F,Full-time,
E05012,2025-07-31,F,Full-time,2026-06-30
E05013,2025-07-31,M,Full-time,
E05014,2025-07-31,M,Full-time,
E05015,2025-07-31,F,Full-time,2026-03-31
E05016,2025-07-31,F,Full-time,
E05017,2025-07-31,F,Full-time,
E05018,2025-07-31,M,Full-time,
E05019,2025-07-31,F,Full-time,
E05020,2025-07-31,M,Full-time,
E05021,2025-07-31,F,Full-time,
E05022,2025-07-31,F,Full-time,
E05023,2025-07-31,M,Full-time,
E05024,2025-07-31,F,Full-time,
E05025,2025-07-31,F,Full-time,
E05026,2025-07-31,M,Full-time,
E05027,2025-07-31,F,Full-time,
E05028,2025-07-31,F,Full-time,
E05029,2025-07-31,M,Part-time,
E05030,2025-07-31,F,Full-time,
E05031,2025-07-31,M,Full-time,2025-09-30
E05032,2025-07-31,M,Full-time,2025-09-30
E05033,2025-07-31,M,Full-time,
E05034,2025-07-31,F,Full-time,
E05035,2025-07-31,F,Full-time,
E05036,2025-07-31,M,Full-time,
E05037,2025-07-31,M,Full-time,
E05038,2025-07-31,F,Full-time,
E05039,2025-07-31,F,Full-time,
E05040,2025-07-31,F,Full-time,
E05041,2025-07-31,M,Full-time,
E05042,2025-07-31,F,Part-time,
E05043,2025-07-31,F,Full-time,
E05044,2025-07-31,F,Full-time,2026-02-28
E05045,2025-07-31,F,Full-time,
E05046,2025-07-31,F,Full-time,
E05047,2025-07-31,N,Full-time,
E05048,2025-07-31,M,Full-time,
E05049,2025-07-31,M,Part-time,
E05050,2025-07-31,M,Full-time,
E05051,2025-07-31,M,Full-time,2026-03-31
E05052,2025-07-31,M,Full-time,
E05053,2025-07-31,F,Full-time,
E05054,2025-07-31,M,Full-time,
E05055,2025-07-31,M,Full-time,
E05056,2025-08-31,M,Full-time,
E05057,2025-08-31,M,Full-time,
E05058,2025-08-31,F,Full-time,2026-03-31
E05059,2025-08-31,M,Full-time,2026-01-31
E05060,2025-08-31,F,Full-time,
E05061,2025-08-31,F,Full-time,2026-06-30
E05062,2025-08-31,N,Full-time,
E05063,2025-08-31,M,Full-time,
E05064,2025-08-31,F,Full-time,
E05065,2025-08-31,F,Full-time,
E05066,2025-08-31,M,Full-time,2026-03-31
E05067,2025-08-31,M,Full-time,
E05068,2025-08-31,M,Full-time,
E05069,2025-08-31,M,Full-time,2026-07-31
E05070,2025-08-31,M,Full-time,
E05071,2025-08-31,M,Full-time,
E05072,2025-08-31,F,Full-time,2025-12-31
E05073,2025-08-31,N,Full-time,
E05074,2025-08-31,F,Full-time,
E05075,2025-08-31,M,Full-time,2026-06-30
E05076,2025-08-31,F,Full-time,
E05077,2025-08-31,F,Full-time,
E05078,2025-08-31,M,Full-time,
E05079,2025-08-31,M,Full-time,
E05080,2025-08-31,M,Full-time,
E05081,2025-08-31,F,Full-time,2026-01-31
E05082,2025-08-31,F,Full-time,2026-07-31
E05083,2025-08-31,M,Full-time,2026-01-31
E05084,2025-08-31,F,Full-time,
E05085,2025-08-31,F,Full-time,
E05086,2025-08-31,F,Full-time,
E05087,2025-08-31,M,Full-time,
E05088,2025-08-31,F,Full-time,
E05089,2025-08-31,F,Full-time,
E05090,2025-08-31,M,Full-time,
E05091,2025-08-31,M,Full-time,2026-02-28
E05092,2025-08-31,M,Full-time,
E05093,2025-08-31,F,Full-time,
E05094,2025-08-31,M,Part-time,
E05095,2025-08-31,M,Full-time,2026-06-30
E05096,2025-08-31,F,Full-time,
E05097,2025-08-31,M,Part-time,
E05098,2025-08-31,M,Full-time,
E05099,2025-08-31,M,Full-time,2026-04-30
E05100,2025-08-31,F,Full-time,2025-11-30
E05101,2025-08-31,F,Full-time,
E05102,2025-08-31,M,Full-time,
E05103,2025-08-31,M,Full-time,
E05104,2025-08-31,F,Full-time,
E05105,2025-08-31,F,Full-time,
E05106,2025-08-31,M,Full-time,
E05107,2025-08-31,M,Full-time,
E05108,2025-08-31,M,Full-time,
E05109,2025-08-31,M,Full-time,2026-08-31
E05110,2025-08-31,F,Full-time,
E05111,2025-08-31,F,Full-time,
E05112,2025-08-31,M,Full-time,
E05113,2025-08-31,M,Full-time,
E05114,2025-08-31,F,Full-time,
E05115,2025-08-31,M,Full-time,
E05116,2025-08-31,F,Full-time,
E05117,2025-08-31,M,Full-time,
E05118,2025-08-31,F,Full-time,
E05119,2025-08-31,M,Full-time,
E05120,2025-08-31,M,Full-time,2026-03-31
E05121,2025-08-31,M,Full-time,
E05122,2025-09-30,M,Full-time,2026-02-28
E05123,2025-09-30,F,Full-time,2026-03-31
E05124,2025-09-30,F,Full-time,
E05125,2025-09-30,M,Full-time,
E05126,2025-09-30,M,Full-time,
E05127,2025-09-30,M,Full-time,
E05128,2025-09-30,M,Full-time,2025-12-31
E05129,2025-09-30,M,Full-time,
E05130,2025-09-30,M,Full-time,
E05131,2025-09-30,F,Full-time,2026-01-31
E05132,2025-09-30,M,Full-time,2026-02-28
E05133,2025-09-30,F,Full-time,
E05134,2025-09-30,M,Full-time,
E05135,2025-09-30,F,Full-time,
E05136,2025-09-30,M,Full-time,
E05137,2025-09-30,F,Full-time,
E05138,2025-09-30,F,Full-time,
E05139,2025-09-30,F,Full-time,
E05140,2025-09-30,F,Full-time,
E05141,2025-09-30,M,Full-time,
E05142,2025-09-30,M,Full-time,
E05143,2025-09-30,M,Full-time,
E05144,2025-09-30,N,Full-time,2026-04-30
E05145,2025-09-30,F,Full-time,
E05146,2025-09-30,M,Full-time,
E05147,2025-09-30,F,Full-time,
E05148,2025-09-30,M,Full-time,
E05149,2025-09-30,F,Full-time,2026-01-31
E05150,2025-09-30,F,Full-time,
E05151,2025-09-30,N,Full-time,
E05152,2025-09-30,F,Full-time,
E05153,2025-09-30,M,Full-time,
E05154,2025-09-30,M,Full-time,
E05155,2025-09-30,F,Full-time,2026-01-31
E05156,2025-09-30,M,Full-time,
E05157,2025-09-30,F,Full-time,
E05158,2025-09-30,F,Full-time,
E05159,2025-09-30,M,Full-time,
E05160,2025-09-30,F,Full-time,2026-05-31
E05161,2025-09-30,F,Full-time,
E05162,2025-09-30,M,Full-time,
E05163,2025-09-30,N,Full-time,
E05164,2025-09-30,F,Full-time,
E05165,2025-09-30,F,Full-time,
E05166,2025-09-30,F,Full-time,2026-03-31
E05167,2025-09-30,M,Full-time,
E05168,2025-09-30,M,Part-time,
E05169,2025-09-30,F,Full-time,2026-03-31
E05170,2025-09-30,M,Full-time,
E05171,2025-09-30,M,Full-time,
E05172,2025-09-30,M,Full-time,
E05173,2025-09-30,M,Full-time,
E05174,2025-09-30,M,Full-time,
E05175,2025-09-30,F,Full-time,
E05176,2025-09-30,M,Full-time,
E05177,2025-09-30,M,Full-time,
E05178,2025-09-30,F,Full-time,
E05179,2025-09-30,F,Full-time,2026-06-30
E05180,2025-09-30,F,Full-time,2026-03-31
E05181,2025-09-30,M,Full-time,
E05182,2025-09-30,F,Full-time,
E05183,2025-09-30,F,Full-time,2026-08-31
E05184,2025-09-30,F,Full-time,
E05185,2025-09-30,F,Full-time,
E05186,2025-09-30,F,Part-time,
E05187,2025-09-30,M,Full-time,
E05188,2025-09-30,M,Full-time,
E05189,2025-09-30,F,Full-time,
E05190,2025-10-31,M,Full-time,2025-11-30
E05191,2025-10-31,F,Full-time,
E05192,2025-10-31,M,Full-time,
E05193,2025-10-31,M,Full-time,2026-08-31
E05194,2025-10-31,F,Full-time,
E05195,2025-10-31,M,Full-time,
E05196,2025-10-31,M,Full-time,
E05197,2025-10-31,M,Full-time,
E05198,2025-10-31,M,Full-time,
E05199,2025-10-31,M,Full-time,
E05200,2025-10-31,F,Full-time,
E05201,2025-10-31,M,Full-time,
E05202,2025-10-31,F,Full-time,2026-01-31
E05203,2025-10-31,F,Full-time,2026-02-28
E05204,2025-10-31,M,Full-time,
E05205,2025-10-31,F,Full-time,
E05206,2025-10-31,F,Full-time,
E05207,2025-10-31,F,Full-time,
E05208,2025-10-31,F,Full-time,
E05209,2025-10-31,M,Full-time,
E05210,2025-10-31,F,Full-time,
E05211,2025-10-31,F,Part-time,
E05212,2025-10-31,M,Full-time,
E05213,2025-10-31,F,Full-time,
E05214,2025-10-31,M,Full-time,
E05215,2025-10-31,F,Full-time,
E05216,2025-10-31,M,Full-time,
E05217,2025-10-31,F,Full-time,
E05218,2025-10-31,N,Full-time,
E05219,2025-10-31,M,Full-time,2026-03-31
E05220,2025-10-31,M,Full-time,
E05221,2025-10-31,M,Full-time,
E05222,2025-10-31,M,Part-time,
E05223,2025-10-31,F,Full-time,
E05224,2025-10-31,M,Full-time,
E05225,2025-10-31,F,Full-time,
E05226,2025-10-31,F,Full-time,
E05227,2025-10-31,M,Full-time,2026-01-31
E05228,2025-10-31,F,Full-time,
E05229,2025-10-31,M,Full-time,
E05230,2025-10-31,M,Full-time,
E05231,2025-10-31,M,Full-time,
E05232,2025-10-31,M,Full-time,2026-05-31
E05233,2025-10-31,M,Full-time,
E05234,2025-10-31,M,Full-time,2026-02-28
E05235,2025-10-31,F,Full-time,
E05236,2025-10-31,F,Full-time,
E05237,2025-10-31,F,Full-time,
E05238,2025-10-31,M,Full-time,
E05239,2025-10-31,M,Full-time,2026-07-31
E05240,2025-10-31,M,Full-time,
E05241,2025-10-31,M,Full-time,
E05242,2025-10-31,F,Full-time,
E05243,2025-10-31,F,Full-time,
E05244,2025-10-31,M,Full-time,
E05245,2025-10-31,F,Full-time,
E05246,2025-10-31,M,Full-time,
E05247,2025-10-31,F,Full-time,2026-01-31
E05248,2025-10-31,M,Full-time,
E05249,2025-10-31,M,Full-time,
E05250,2025-10-31,F,Full-time,2026-03-31
E05251,2025-10-31,M,Full-time,2026-04-30
E05252,2025-10-31,M,Full-time,
E05253,2025-10-31,F,Full-time,
E05254,2025-10-31,M,Full-time,
E05255,2025-10-31,M,Full-time,
E05256,2025-10-31,F,Full-time,
E05257,2025-10-31,M,Full-time,
E05258,2025-10-31,F,Full-time,
E05259,2025-11-30,M,Full-time,2026-04-30
E05260,2025-11-30,M,Full-time,2026-02-28
E05261,2025-11-30,M,Full-time,
E05262,2025-11-30,M,Full-time,
E05263,2025-11-30,M,Full-time,
E05264,2025-11-30,F,Full-time,2026-03-31
E05265,2025-11-30,M,Full-time,2026-06-30
E05266,2025-11-30,F,Full-time,
E05267,2025-11-30,M,Full-time,2026-01-31
E05268,2025-11-30,M,Full-time,
E05269,2025-11-30,M,Full-time,
E05270,2025-11-30,F,Full-time,
E05271,2025-11-30,M,Full-time,2026-06-30
E05272,2025-11-30,M,Full-time,
E05273,2025-11-30,F,Full-time,
E05274,2025-11-30,F,Full-time,
E05275,2025-11-30,M,Full-time,2026-01-31
E05276,2025-11-30,F,Full-time,
E05277,2025-11-30,M,Full-time,
E05278,2025-11-30,M,Full-time,
E05279,2025-11-30,F,Full-time,2026-02-28
E05280,2025-11-30,M,Full-time,
E05281,2025-11-30,M,Full-time,
E05282,2025-11-30,F,Full-time,
E05283,2025-11-30,F,Full-time,2026-04-30
E05284,2025-11-30,M,Full-time,
E05285,2025-11-30,F,Full-time,
E05286,2025-11-30,N,Full-time,
E05287,2025-11-30,F,Full-time,
E05288,2025-11-30,M,Full-time,2026-07-31
E05289,2025-11-30,F,Full-time,
E05290,2025-11-30,M,Full-time,
E05291,2025-11-30,F,Full-time,
E05292,2025-11-30,F,Full-time,2026-05-31
E05293,2025-11-30,M,Full-time,
E05294,2025-11-30,F,Full-time,
E05295,2025-11-30,M,Full-time,
E05296,2025-11-30,M,Full-time,
E05297,2025-11-30,N,Full-time,2026-04-30
E05298,2025-11-30,M,Full-time,
E05299,2025-11-30,F,Full-time,
E05300,2025-11-30,M,Full-time,
E05301,2025-11-30,M,Full-time,2025-12-31
E05302,2025-11-30,F,Full-time,2026-04-30
E05303,2025-11-30,F,Full-time,2026-02-28
E05304,2025-11-30,F,Full-time,
E05305,2025-11-30,M,Full-time,2026-01-31
E05306,2025-11-30,F,Full-time,
E05307,2025-11-30,M,Full-time,
E05308,2025-11-30,F,Full-time,2026-02-28
E05309,2025-11-30,M,Full-time,
E05310,2025-11-30,M,Full-time,2026-07-31
E05311,2025-11-30,M,Full-time,
E05312,2025-11-30,F,Full-time,
E05313,2025-11-30,M,Full-time,
E05314,2025-11-30,M,Full-time,
E05315,2025-11-30,M,Full-time,
E05316,2025-11-30,F,Full-time,
E05317,2025-12-31,M,Full-time,
E05318,2025-12-31,F,Full-time,
E05319,2025-12-31,F,Full-time,
E05320,2025-12-31,M,Full-time,
E05321,2025-12-31,M,Full-time,
E05322,2025-12-31,M,Full-time,
E05323,2025-12-31,N,Full-time,
E05324,2025-12-31,F,Full-time,
E05325,2025-12-31,M,Full-time,
E05326,2025-12-31,M,Full-time,
E05327,2025-12-31,F,Full-time,
E05328,2025-12-31,F,Full-time,2026-08-31
E05329,2025-12-31,F,Full-time,
E05330,2025-12-31,M,Full-time,
E05331,2025-12-31,M,Full-time,
E05332,2025-12-31,M,Full-time,
E05333,2025-12-31,F,Full-time,
E05334,2025-12-31,F,Full-time,
E05335,2025-12-31,F,Full-time,
E05336,2025-12-31,M,Full-time,
E05337,2025-12-31,F,Full-time,
E05338,2025-12-31,M,Full-time,
E05339,2025-12-31,M,Full-time,
E05340,2025-12-31,M,Full-time,
E05341,2025-12-31,F,Full-time,
E05342,2025-12-31,F,Full-time,
E05343,2025-12-31,M,Full-time,
E05344,2025-12-31,M,Full-time,
E05345,2025-12-31,M,Full-time,
E05346,2025-12-31,F,Full-time,
E05347,2025-12-31,F,Full-time,
E05348,2025-12-31,M,Full-time,2026-01-31
E05349,2025-12-31,F,Part-time,
E05350,2025-12-31,F,Full-time,2026-08-31
E05351,2025-12-31,M,Full-time,2026-08-31
E05352,2025-12-31,M,Full-time,
E05353,2025-12-31,M,Full-time,
E05354,2025-12-31,F,Part-time,
E05355,2025-12-31,F,Full-time,
E05356,2025-12-31,F,Full-time,
E05357,2025-12-31,F,Full-time,
E05358,2025-12-31,M,Full-time,
E05359,2025-12-31,F,Full-time,
E05360,2026-01-31,M,Full-time,
E05361,2026-01-31,F,Full-time,2026-05-31
E05362,2026-01-31,F,Full-time,2026-03-31
E05363,2026-01-31,F,Full-time,2026-06-30
E05364,2026-01-31,M,Full-time,
E05365,2026-01-31,F,Full-time,2026-04-30
E05366,2026-01-31,F,Full-time,
E05367,2026-01-31,M,Full-time,
E05368,2026-01-31,F,Full-time,2026-02-28
E05369,2026-01-31,F,Full-time,2026-08-31
E05370,2026-01-31,F,Full-time,
E05371,2026-01-31,M,Full-time,2026-02-28
E05372,2026-01-31,M,Part-time,
E05373,2026-01-31,M,Full-time,
E05374,2026-01-31,F,Full-time,
E05375,2026-01-31,F,Full-time,
E05376,2026-01-31,F,Full-time,2026-02-28
E05377,2026-01-31,F,Part-time,
E05378,2026-01-31,M,Full-time,
E05379,2026-01-31,F,Full-time,
E05380,2026-01-31,M,Full-time,
E05381,2026-01-31,N,Full-time,2026-03-31
E05382,2026-01-31,M,Full-time,2026-05-31
E05383,2026-01-31,F,Full-time,
E05384,2026-01-31,M,Full-time,
E05385,2026-01-31,F,Full-time,
E05386,2026-01-31,M,Full-time,
E05387,2026-01-31,M,Full-time,
E05388,2026-01-31,M,Full-time,
E05389,2026-01-31,F,Full-time,
E05390,2026-01-31,F,Full-time,
E05391,2026-01-31,M,Full-time,
E05392,2026-01-31,F,Full-time,
E05393,2026-01-31,M,Full-time,2026-03-31
E05394,2026-01-31,F,Full-time,
E05395,2026-01-31,M,Full-time,
E05396,2026-01-31,F,Full-time,
E05397,2026-01-31,F,Full-time,
E05398,2026-01-31,M,Full-time,
E05399,2026-01-31,F,Full-time,
E05400,2026-01-31,M,Full-time,2026-03-31
E05401,2026-01-31,F,Full-time,
E05402,2026-01-31,F,Full-time,
E05403,2026-01-31,F,Part-time,
E05404,2026-01-31,F,Full-time,
E05405,2026-01-31,F,Full-time,
E05406,2026-01-31,M,Full-time,
E05407,2026-01-31,M,Full-time,
E05408,2026-01-31,M,Full-time,
E05409,2026-01-31,F,Full-time,
E05410,2026-01-31,M,Full-time,2026-08-31
E05411,2026-01-31,M,Full-time,2026-02-28
E05412,2026-01-31,M,Full-time,
E05413,2026-01-31,M,Full-time,
E05414,2026-01-31,M,Full-time,2026-06-30
E05415,2026-01-31,M,Full-time,2026-02-28
E05416,2026-01-31,F,Full-time,
E05417,2026-01-31,F,Full-time,
E05418,2026-01-31,M,Full-time,
E05419,2026-01-31,M,Full-time,
E05420,2026-01-31,F,Full-time,
E05421,2026-01-31,F,Part-time,
E05422,2026-01-31,M,Full-time,
E05423,2026-01-31,M,Full-time,
E05424,2026-01-31,F,Full-time,
E05425,2026-01-31,F,Full-time,
E05426,2026-01-31,M,Full-time,
E05427,2026-01-31,M,Full-time,
E05428,2026-01-31,F,Full-time,2026-02-28
E05429,2026-01-31,F,Full-time,
E05430,2026-01-31,M,Full-time,2026-06-30
E05431,2026-01-31,F,Full-time,
E05432,2026-01-31,M,Full-time,
E05433,2026-01-31,M,Full-time,2026-06-30
E05434,2026-01-31,F,Full-time,2026-02-28
E05435,2026-01-31,M,Full-time,
E05436,2026-01-31,M,Full-time,
E05437,2026-01-31,F,Full-time,
E05438,2026-01-31,M,Full-time,
E05439,2026-01-31,F,Full-time,
E05440,2026-01-31,M,Full-time,
E05441,2026-01-31,F,Full-time,
E05442,2026-01-31,F,Full-time,
E05443,2026-01-31,M,Full-time,
E05444,2026-01-31,F,Full-time,
E05445,2026-01-31,F,Full-time,
E05446,2026-01-31,F,Full-time,
E05447,2026-01-31,M,Full-time,
E05448,2026-01-31,F,Full-time,
E05449,2026-01-31,M,Full-time,
E05450,2026-01-31,F,Full-time,2026-07-31
E05451,2026-01-31,M,Full-time,
E05452,2026-02-28,M,Part-time,
E05453,2026-02-28,M,Full-time,2026-07-31
E05454,2026-02-28,M,Part-time,
E05455,2026-02-28,M,Full-time,2026-07-31
E05456,2026-02-28,M,Full-time,
E05457,2026-02-28,F,Full-time,
E05458,2026-02-28,F,Full-time,
E05459,2026-02-28,M,Full-time,
E05460,2026-02-28,M,Full-time,2026-06-30
E05461,2026-02-28,M,Full-time,
E05462,2026-02-28,M,Full-time,
E05463,2026-02-28,F,Full-time,
E05464,2026-02-28,F,Full-time,
E05465,2026-02-28,F,Full-time,
E05466,2026-02-28,M,Full-time,
E05467,2026-02-28,F,Full-time,
E05468,2026-02-28,M,Full-time,
E05469,2026-02-28,M,Full-time,
E05470,2026-02-28,M,Full-time,
E05471,2026-02-28,M,Full-time,
E05472,2026-02-28,M,Full-time,
E05473,2026-02-28,M,Full-time,
E05474,2026-02-28,F,Part-time,
E05475,2026-02-28,F,Full-time,
E05476,2026-02-28,M,Full-time,
E05477,2026-02-28,F,Full-time,
E05478,2026-02-28,F,Full-time,
E05479,2026-02-28,F,Full-time,
E05480,2026-02-28,F,Full-time,
E05481,2026-02-28,M,Full-time,
E05482,2026-02-28,M,Full-time,
E05483,2026-02-28,F,Full-time,
E05484,2026-02-28,F,Full-time,
E05485,2026-02-28,F,Full-time,
E05486,2026-02-28,M,Full-time,2026-04-30
E05487,2026-02-28,F,Full-time,
E05488,2026-02-28,M,Full-time,
E05489,2026-02-28,N,Full-time,
E05490,2026-02-28,M,Full-time,
E05491,2026-02-28,M,Full-time,2026-06-30
E05492,2026-02-28,F,Full-time,
E05493,2026-02-28,F,Full-time,
E05494,2026-02-28,N,Full-time,2026-03-31
E05495,2026-02-28,F,Full-time,
E05496,2026-02-28,M,Full-time,
E05497,2026-02-28,F,Full-time,
E05498,2026-02-28,M,Full-time,
E05499,2026-02-28,M,Full-time,
E05500,2026-02-28,M,Full-time,
E05501,2026-02-28,N,Full-time,
E05502,2026-02-28,M,Full-time,
E05503,2026-02-28,F,Full-time,
E05504,2026-02-28,M,Full-time,
E05505,2026-02-28,M,Full-time,2026-03-31
E05506,2026-02-28,M,Full-time,
E05507,2026-02-28,M,Full-time,
E05508,2026-02-28,F,Full-time,
E05509,2026-02-28,F,Full-time,
E05510,2026-02-28,F,Full-time,
E05511,2026-02-28,F,Full-time,
E05512,2026-02-28,F,Full-time,
E05513,2026-02-28,F,Full-time,2026-03-31
E05514,2026-02-28,F,Full-time,
E05515,2026-02-28,M,Full-time,
E05516,2026-02-28,M,Full-time,
E05517,2026-02-28,F,Full-time,
E05518,2026-02-28,N,Full-time,
E05519,2026-02-28,M,Full-time,
E05520,2026-02-28,M,Full-time,
E05521,2026-02-28,M,Full-time,
E05522,2026-02-28,M,Full-time,2026-07-31
E05523,2026-02-28,M,Full-time,
E05524,2026-02-28,M,Part-time,
E05525,2026-02-28,F,Full-time,
E05526,2026-02-28,F,Full-time,
E05527,2026-02-28,F,Full-time,
E05528,2026-02-28,N,Full-time,
E05529,2026-02-28,F,Full-time,
E05530,2026-02-28,F,Full-time,
E05531,2026-02-28,F,Full-time,
E05532,2026-02-28,F,Full-time,
E05533,2026-02-28,F,Full-time,
E05534,2026-02-28,M,Full-time,
E05535,2026-02-28,M,Full-time,2026-04-30
E05536,2026-02-28,M,Full-time,
E05537,2026-02-28,F,Full-time,
E05538,2026-02-28,F,Full-time,
E05539,2026-02-28,F,Full-time,
E05540,2026-02-28,M,Full-time,
E05541,2026-02-28,M,Full-time,
E05542,2026-02-28,M,Full-time,
E05543,2026-02-28,F,Full-time,2026-03-31
E05544,2026-02-28,F,Full-time,
E05545,2026-02-28,M,Full-time,
E05546,2026-02-28,F,Full-time,
E05547,2026-02-28,M,Full-time,
E05548,2026-02-28,M,Full-time,
E05549,2026-02-28,F,Full-time,
E05550,2026-02-28,M,Part-time,2026-08-31
E05551,2026-02-28,M,Full-time,
E05552,2026-02-28,F,Full-time,
E05553,2026-02-28,F,Full-time,
E05554,2026-02-28,M,Full-time,
E05555,2026-02-28,M,Full-time,
E05556,2026-02-28,F,Full-time,
E05557,2026-02-28,F,Full-time,
E05558,2026-02-28,N,Full-time,
E05559,2026-02-28,N,Full-time,
E05560,2026-02-28,F,Full-time,
E05561,2026-02-28,M,Part-time,
E05562,2026-02-28,F,Full-time,
E05563,2026-02-28,F,Full-time,
E05564,2026-02-28,M,Full-time,
E05565,2026-03-31,M,Full-time,
E05566,2026-03-31,M,Full-time,
E05567,2026-03-31,F,Full-time,2026-07-31
E05568,2026-03-31,F,Full-time,2026-08-31
E05569,2026-03-31,M,Full-time,
E05570,2026-03-31,M,Full-time,2026-05-31
E05571,2026-03-31,F,Full-time,
E05572,2026-03-31,M,Full-time,
E05573,2026-03-31,M,Full-time,
E05574,2026-03-31,M,Full-time,
E05575,2026-03-31,M,Part-time,
E05576,2026-03-31,M,Full-time,
E05577,2026-03-31,M,Full-time,
E05578,2026-03-31,F,Part-time,2026-05-31
E05579,2026-03-31,M,Full-time,
E05580,2026-03-31,M,Part-time,2026-04-30
E05581,2026-03-31,M,Full-time,
E05582,2026-03-31,F,Full-time,
E05583,2026-03-31,M,Part-time,
E05584,2026-03-31,F,Full-time,
E05585,2026-03-31,M,Full-time,
E05586,2026-03-31,M,Full-time,
E05587,2026-03-31,M,Full-time,
E05588,2026-03-31,F,Full-time,2026-08-31
E05589,2026-03-31,F,Full-time,
E05590,2026-03-31,F,Full-time,
E05591,2026-03-31,M,Full-time,
E05592,2026-03-31,F,Full-time,
E05593,2026-03-31,M,Full-time,
E05594,2026-03-31,F,Full-time,
E05595,2026-03-31,F,Full-time,
E05596,2026-03-31,M,Full-time,
E05597,2026-03-31,F,Full-time,
E05598,2026-03-31,M,Full-time,
E05599,2026-03-31,F,Full-time,
E05600,2026-03-31,F,Full-time,
E05601,2026-03-31,F,Full-time,
E05602,2026-03-31,M,Full-time,
E05603,2026-03-31,M,Full-time,
E05604,2026-03-31,F,Full-time,
E05605,2026-03-31,F,Part-time,
E05606,2026-03-31,M,Full-time,2026-04-30
E05607,2026-03-31,F,Full-time,
E05608,2026-03-31,M,Full-time,
E05609,2026-03-31,F,Full-time,
E05610,2026-03-31,F,Full-time,
E05611,2026-03-31,M,Full-time,
E05612,2026-03-31,F,Full-time,
E05613,2026-03-31,F,Full-time,
E05614,2026-03-31,M,Full-time,2026-08-31
E05615,2026-03-31,M,Full-time,2026-05-31
E05616,2026-03-31,M,Full-time,
E05617,2026-03-31,F,Full-time,
E05618,2026-03-31,M,Full-time,
E05619,2026-03-31,M,Full-time,
E05620,2026-03-31,M,Full-time,
E05621,2026-03-31,M,Full-time,
E05622,2026-03-31,F,Full-time,
E05623,2026-03-31,M,Full-time,
E05624,2026-03-31,F,Full-time,
E05625,2026-03-31,M,Full-time,
E05626,2026-03-31,F,Full-time,
E05627,2026-03-31,M,Full-time,
E05628,2026-03-31,F,Full-time,
E05629,2026-03-31,F,Full-time,
E05630,2026-03-31,M,Full-time,
E05631,2026-03-31,M,Full-time,
E05632,2026-03-31,F,Full-time,
E05633,2026-03-31,F,Full-time,
E05634,2026-03-31,F,Part-time,
E05635,2026-03-31,M,Full-time,
E05636,2026-03-31,M,Full-time,
E05637,2026-03-31,F,Full-time,2026-06-30
E05638,2026-03-31,M,Full-time,
E05639,2026-03-31,F,Full-time,
E05640,2026-03-31,F,Full-time,2026-06-30
E05641,2026-03-31,M,Full-time,
E05642,2026-03-31,M,Full-time,
E05643,2026-03-31,F,Full-time,
E05644,2026-03-31,F,Part-time,
E05645,2026-03-31,M,Full-time,
E05646,2026-03-31,M,Full-time,
E05647,2026-03-31,N,Full-time,
E05648,2026-03-31,F,Part-time,
E05649,2026-03-31,F,Full-time,
E05650,2026-03-31,N,Full-time,2026-05-31
E05651,2026-03-31,M,Full-time,
E05652,2026-03-31,M,Full-time,
E05653,2026-03-31,F,Full-time,2026-08-31
E05654,2026-03-31,M,Full-time,
E05655,2026-03-31,M,Full-time,
E05656,2026-03-31,M,Full-time,
E05657,2026-03-31,F,Part-time,2026-04-30
E05658,2026-03-31,M,Full-time,
E05659,2026-03-31,M,Full-time,
E05660,2026-03-31,M,Full-time,
E05661,2026-03-31,F,Full-time,
E05662,2026-03-31,F,Full-time,
E05663,2026-03-31,F,Part-time,
E05664,2026-03-31,F,Full-time,
E05665,2026-03-31,M,Full-time,
E05666,2026-03-31,F,Full-time,
E05667,2026-03-31,F,Full-time,
E05668,2026-03-31,M,Full-time,
E05669,2026-03-31,F,Full-time,
E05670,2026-03-31,F,Full-time,
E05671,2026-03-31,F,Full-time,
E05672,2026-03-31,M,Full-time,
E05673,2026-03-31,F,Full-time,
E05674,2026-03-31,F,Full-time,
E05675,2026-03-31,F,Full-time,
E05676,2026-04-30,F,Full-time,
E05677,2026-04-30,F,Full-time,
E05678,2026-04-30,M,Full-time,
E05679,2026-04-30,F,Part-time,
E05680,2026-04-30,M,Full-time,
E05681,2026-04-30,M,Full-time,
E05682,2026-04-30,F,Full-time,2026-08-31
E05683,2026-04-30,M,Part-time,
E05684,2026-04-30,F,Part-time,
E05685,2026-04-30,F,Full-time,
E05686,2026-04-30,M,Full-time,
E05687,2026-04-30,F,Full-time,2026-05-31
E05688,2026-04-30,F,Full-time,
E05689,2026-04-30,M,Part-time,
E05690,2026-04-30,M,Full-time,
E05691,2026-04-30,M,Full-time,2026-05-31
E05692,2026-04-30,M,Full-time,
E05693,2026-04-30,F,Full-time,
E05694,2026-04-30,F,Full-time,
E05695,2026-04-30,F,Full-time,
E05696,2026-04-30,F,Full-time,
E05697,2026-04-30,M,Full-time,
E05698,2026-04-30,M,Full-time,
E05699,2026-04-30,F,Full-time,
E05700,2026-04-30,M,Full-time,
E05701,2026-04-30,F,Full-time,2026-05-31
E05702,2026-04-30,M,Part-time,
E05703,2026-04-30,F,Full-time,
E05704,2026-04-30,F,Full-time,
E05705,2026-04-30,N,Full-time,
E05706,2026-04-30,F,Full-time,
E05707,2026-04-30,M,Full-time,
E05708,2026-04-30,M,Full-time,
E05709,2026-04-30,F,Full-time,
E05710,2026-04-30,F,Full-time,
E05711,2026-04-30,F,Full-time,
E05712,2026-04-30,F,Full-time,
E05713,2026-04-30,M,Full-time,2026-07-31
E05714,2026-04-30,M,Full-time,
E05715,2026-04-30,M,Full-time,
E05716,2026-04-30,M,Full-time,
E05717,2026-04-30,M,Full-time,
E05718,2026-04-30,M,Full-time,
E05719,2026-04-30,M,Full-time,
E05720,2026-04-30,M,Full-time,
E05721,2026-04-30,M,Full-time,2026-07-31
E05722,2026-04-30,N,Full-time,
E05723,2026-04-30,F,Full-time,2026-07-31
E05724,2026-04-30,F,Full-time,
E05725,2026-04-30,M,Full-time,
E05726,2026-04-30,F,Full-time,
E05727,2026-04-30,N,Full-time,2026-06-30
E05728,2026-04-30,M,Full-time,
E05729,2026-04-30,F,Full-time,
E05730,2026-04-30,F,Full-time,
E05731,2026-04-30,F,Full-time,
E05732,2026-04-30,M,Full-time,
E05733,2026-04-30,M,Full-time,
E05734,2026-04-30,M,Full-time,
E05735,2026-04-30,M,Full-time,
E05736,2026-04-30,M,Full-time,
E05737,2026-04-30,M,Full-time,
E05738,2026-04-30,M,Full-time,
E05739,2026-04-30,M,Full-time,
E05740,2026-04-30,M,Full-time,
E05741,2026-04-30,M,Full-time,
E05742,2026-04-30,M,Full-time,
E05743,2026-04-30,F,Full-time,
E05744,2026-04-30,F,Full-time,
E05745,2026-04-30,N,Part-time,
E05746,2026-04-30,M,Full-time,
E05747,2026-05-31,F,Full-time,
E05748,2026-05-31,F,Full-time,
E05749,2026-05-31,M,Full-time,
E05750,2026-05-31,F,Full-time,
E05751,2026-05-31,M,Full-time,
E05752,2026-05-31,M,Full-time,2026-07-31
E05753,2026-05-31,M,Full-time,
E05754,2026-05-31,F,Full-time,
E05755,2026-05-31,F,Full-time,
E05756,2026-05-31,M,Full-time,
E05757,2026-05-31,F,Full-time,
E05758,2026-05-31,F,Full-time,
E05759,2026-05-31,M,Full-time,
E05760,2026-05-31,M,Full-time,
E05761,2026-05-31,M,Full-time,
E05762,2026-05-31,M,Full-time,
E05763,2026-05-31,M,Part-time,
E05764,2026-05-31,M,Full-time,
E05765,2026-05-31,F,Full-time,
E05766,2026-05-31,M,Part-time,
E05767,2026-05-31,M,Full-time,
E05768,2026-05-31,M,Full-time,
E05769,2026-05-31,F,Full-time,
E05770,2026-05-31,M,Full-time,
E05771,2026-05-31,M,Full-time,2026-06-30
E05772,2026-05-31,M,Full-time,
E05773,2026-05-31,F,Full-time,
E05774,2026-05-31,M,Full-time,
E05775,2026-05-31,M,Full-time,2026-07-31
E05776,2026-05-31,F,Full-time,
E05777,2026-05-31,F,Full-time,
E05778,2026-05-31,F,Full-time,
E05779,2026-05-31,F,Full-time,
E05780,2026-05-31,F,Full-time,
E05781,2026-05-31,M,Full-time,2026-08-31
E05782,2026-05-31,F,Full-time,
E05783,2026-05-31,M,Full-time,
E05784,2026-05-31,M,Full-time,
E05785,2026-05-31,M,Full-time,
E05786,2026-05-31,M,Full-time,
E05787,2026-05-31,M,Full-time,
E05788,2026-05-31,F,Full-time,
E05789,2026-05-31,M,Full-time,
E05790,2026-05-31,F,Full-time,
E05791,2026-05-31,F,Full-time,
E05792,2026-05-31,M,Full-time,
E05793,2026-05-31,M,Full-time,
E05794,2026-05-31,F,Full-time,
E05795,2026-05-31,F,Full-time,
E05796,2026-05-31,M,Full-time,
E05797,2026-05-31,M,Full-time,
E05798,2026-05-31,N,Full-time,
E05799,2026-05-31,F,Full-time,
E05800,2026-05-31,F,Full-time,
E05801,2026-05-31,M,Full-time,
E05802,2026-05-31,M,Full-time,
E05803,2026-05-31,M,Full-time,
E05804,2026-05-31,N,Full-time,
E05805,2026-05-31,M,Full-time,
E05806,2026-05-31,F,Full-time,2026-06-30
E05807,2026-05-31,F,Full-time,
E05808,2026-05-31,M,Full-time,2026-07-31
E05809,2026-05-31,F,Part-time,
E05810,2026-05-31,F,Full-time,
E05811,2026-05-31,M,Full-time,
E05812,2026-05-31,F,Full-time,
E05813,2026-05-31,M,Full-time,
E05814,2026-05-31,F,Full-time,
E05815,2026-05-31,M,Full-time,
E05816,2026-05-31,F,Full-time,
E05817,2026-06-30,F,Full-time,
E05818,2026-06-30,F,Full-time,
E05819,2026-06-30,M,Full-time,
E05820,2026-06-30,M,Full-time,
E05821,2026-06-30,F,Full-time,
E05822,2026-06-30,F,Full-time,
E05823,2026-06-30,M,Full-time,
E05824,2026-06-30,M,Full-time,
E05825,2026-06-30,F,Full-time,
E05826,2026-06-30,F,Full-time,
E05827,2026-06-30,M,Full-time,
E05828,2026-06-30,M,Full-time,
E05829,2026-06-30,F,Full-time,
E05830,2026-06-30,M,Full-time,2026-08-31
E05831,2026-06-30,M,Full-time,
E05832,2026-06-30,M,Full-time,
E05833,2026-06-30,F,Full-time,
E05834,2026-06-30,M,Full-time,
E05835,2026-06-30,M,Full-time,
E05836,2026-06-30,M,Full-time,
E05837,2026-06-30,F,Full-time,
E05838,2026-06-30,F,Full-time,
E05839,2026-06-30,M,Full-time,
E05840,2026-06-30,F,Full-time,
E05841,2026-06-30,F,Full-time,
E05842,2026-06-30,M,Full-time,2026-07-31
E05843,2026-06-30,M,Full-time,
E05844,2026-06-30,M,Full-time,
E05845,2026-06-30,F,Full-time,
E05846,2026-06-30,F,Full-time,
E05847,2026-06-30,M,Full-time,2026-08-31
E05848,2026-06-30,F,Full-time,
E05849,2026-06-30,M,Full-time,
E05850,2026-06-30,F,Part-time,
E05851,2026-06-30,M,Full-time,
E05852,2026-06-30,F,Full-time,
E05853,2026-06-30,F,Full-time,
E05854,2026-06-30,M,Full-time,
E05855,2026-06-30,M,Full-time,
E05856,2026-06-30,M,Full-time,
E05857,2026-06-30,M,Full-time,
E05858,2026-06-30,F,Full-time,
E05859,2026-06-30,F,Full-time,
E05860,2026-06-30,M,Full-time,
E05861,2026-06-30,F,Full-time,
E05862,2026-06-30,F,Full-time,
E05863,2026-06-30,F,Full-time,
E05864,2026-06-30,F,Full-time,
E05865,2026-06-30,F,Full-time,
E05866,2026-06-30,M,Part-time,
E05867,2026-06-30,M,Full-time,
E05868,2026-06-30,F,Full-time,
E05869,2026-06-30,F,Full-time,
E05870,2026-06-30,F,Full-time,
E05871,2026-06-30,M,Full-time,
E05872,2026-06-30,F,Full-time,
E05873,2026-06-30,M,Full-time,
E05874,2026-06-30,F,Full-time,
E05875,2026-06-30,F,Full-time,
E05876,2026-06-30,M,Part-time,
E05877,2026-06-30,M,Full-time,
E05878,2026-06-30,F,Part-time,
E05879,2026-07-31,M,Full-time,
E05880,2026-07-31,F,Full-time,
E05881,2026-07-31,F,Full-time,
E05882,2026-07-31,M,Full-time,
E05883,2026-07-31,M,Full-time,
E05884,2026-07-31,F,Full-time,
E05885,2026-07-31,M,Full-time,2026-08-31
E05886,2026-07-31,M,Full-time,
E05887,2026-07-31,F,Full-time,
E05888,2026-07-31,F,Full-time,
E05889,2026-07-31,F,Full-time,
E05890,2026-07-31,M,Full-time,
E05891,2026-07-31,M,Full-time,
E05892,2026-07-31,F,Full-time,
E05893,2026-07-31,M,Full-time,
E05894,2026-07-31,M,Full-time,
E05895,2026-07-31,M,Part-time,
E05896,2026-07-31,F,Full-time,
E05897,2026-07-31,M,Part-time,
E05898,2026-07-31,M,Full-time,
E05899,2026-07-31,M,Full-time,
E05900,2026-07-31,F,Full-time,
E05901,2026-07-31,F,Full-time,
E05902,2026-07-31,M,Full-time,
E05903,2026-07-31,F,Full-time,
E05904,2026-07-31,F,Full-time,
E05905,2026-07-31,F,Full-time,
E05906,2026-07-31,M,Full-time,
E05907,2026-07-31,F,Full-time,
E05908,2026-07-31,M,Full-time,
E05909,2026-07-31,F,Full-time,
E05910,2026-07-31,M,Full-time,
E05911,2026-07-31,M,Full-time,
E05912,2026-07-31,M,Full-time,
E05913,2026-07-31,M,Full-time,
E05914,2026-07-31,F,Full-time,
E05915,2026-07-31,M,Full-time,
E05916,2026-07-31,M,Full-time,
E05917,2026-07-31,N,Full-time,
E05918,2026-07-31,F,Part-time,
E05919,2026-07-31,M,Full-time,
E05920,2026-07-31,M,Full-time,
E05921,2026-07-31,F,Part-time,
E05922,2026-07-31,M,Full-time,
E05923,2026-07-31,M,Full-time,
E05924,2026-07-31,F,Full-time,
E05925,2026-07-31,F,Full-time,
E05926,2026-07-31,M,Full-time,
E05927,2026-07-31,F,Full-time,2026-08-31
E05928,2026-07-31,F,Full-time,
E05929,2026-07-31,M,Full-time,
E05930,2026-07-31,F,Full-time,
E05931,2026-07-31,F,Full-time,
E05932,2026-07-31,F,Full-time,
E05933,2026-07-31,F,Full-time,
E05934,2026-07-31,F,Full-time,
E05935,2026-07-31,M,Full-time,
E05936,2026-07-31,F,Full-time,
E05937,2026-07-31,M,Full-time,
E05938,2026-07-31,F,Full-time,
E05939,2026-07-31,F,Full-time,
E05940,2026-07-31,F,Full-time,
E05941,2026-07-31,M,Full-time,
E05942,2026-07-31,M,Full-time,
E05943,2026-07-31,M,Full-time,
E05944,2026-07-31,M,Full-time,
E05945,2026-07-31,M,Full-time,
E05946,2026-07-31,M,Full-time,
E05947,2026-08-31,M,Full-time,
E05948,2026-08-31,F,Full-time,
E05949,2026-08-31,F,Full-time,
E05950,2026-08-31,F,Full-time,
E05951,2026-08-31,M,Full-time,
E05952,2026-08-31,M,Full-time,
E05953,2026-08-31,F,Full-time,
E05954,2026-08-31,M,Full-time,
E05955,2026-08-31,F,Full-time,
E05956,2026-08-31,F,Full-time,
E05957,2026-08-31,M,Full-time,
E05958,2026-08-31,M,Full-time,
E05959,2026-08-31,M,Full-time,
E05960,2026-08-31,M,Part-time,
E05961,2026-08-31,M,Full-time,
E05962,2026-08-31,M,Full-time,
E05963,2026-08-31,F,Full-time,
E05964,2026-08-31,M,Full-time,
E05965,2026-08-31,F,Full-time,
E05966,2026-08-31,M,Full-time,
E05967,2026-08-31,M,Full-time,
E05968,2026-08-31,M,Full-time,
E05969,2026-08-31,F,Full-time,
E05970,2026-08-31,F,Full-time,
E05971,2026-08-31,M,Full-time,
E05972,2026-08-31,M,Full-time,
E05973,2026-08-31,M,Full-time,
E05974,2026-08-31,F,Full-time,
E05975,2026-08-31,F,Full-time,
E05976,2026-08-31,F,Full-time,
E05977,2026-08-31,M,Full-time,
E05978,2026-08-31,F,Full-time,
E05979,2026-08-31,F,Full-time,
E05980,2026-08-31,F,Full-time,
E05981,2026-08-31,F,Full-time,
E05982,2026-08-31,M,Full-time,
E05983,2026-08-31,M,Full-time,
E05984,2026-08-31,F,Full-time,
E05985,2026-08-31,F,Full-time,
E05986,2026-08-31,M,Part-time,
E05987,2026-08-31,F,Full-time,
E05988,2026-08-31,M,Full-time,
E05989,2026-08-31,F,Full-time,
E05990,2026-08-31,M,Full-time,
E05991,2026-08-31,F,Full-time,
E05992,2026-08-31,N,Part-time,
E05993,2026-08-31,M,Full-time,
E05994,2026-08-31,F,Full-time,
E05995,2026-08-31,M,Full-time,
E05996,2026-08-31,M,Full-time,
E05997,2026-08-31,F,Full-time,
E05998,2026-08-31,F,Full-time,
E05999,2026-08-31,F,Full-time,
E06000,2026-08-31,F,Full-time,
E06001,2026-08-31,F,Full-time,
E06002,2026-08-31,F,Full-time,
E06003,2026-08-31,F,Full-time,
E06004,2026-08-31,F,Full-time,
E06005,2026-08-31,N,Full-time,
E06006,2026-08-31,M,Full-time,
E06007,2026-08-31,M,Full-time,
E06008,2026-08-31,F,Full-time,
E06009,2026-08-31,M,Full-time,
